{
    "name": "root",
    "gauges": {
        "PPO_CarAgent6.Policy.Entropy.mean": {
            "value": 2.9327292442321777,
            "min": 2.9327292442321777,
            "max": 4.8638997077941895,
            "count": 20
        },
        "PPO_CarAgent6.Policy.Entropy.sum": {
            "value": 147017.71875,
            "min": 147017.71875,
            "max": 243827.296875,
            "count": 20
        },
        "PPO_CarAgent6.Step.mean": {
            "value": 999954.0,
            "min": 49938.0,
            "max": 999954.0,
            "count": 20
        },
        "PPO_CarAgent6.Step.sum": {
            "value": 999954.0,
            "min": 49938.0,
            "max": 999954.0,
            "count": 20
        },
        "PPO_CarAgent6.Policy.ExtrinsicValueEstimate.mean": {
            "value": 104.6800308227539,
            "min": 6.3823957443237305,
            "max": 104.88350677490234,
            "count": 20
        },
        "PPO_CarAgent6.Policy.ExtrinsicValueEstimate.sum": {
            "value": 83848.703125,
            "min": 5093.15185546875,
            "max": 84011.6875,
            "count": 20
        },
        "PPO_CarAgent6.Environment.EpisodeLength.mean": {
            "value": 739.2028985507246,
            "min": 704.0285714285715,
            "max": 749.0,
            "count": 20
        },
        "PPO_CarAgent6.Environment.EpisodeLength.sum": {
            "value": 51005.0,
            "min": 47187.0,
            "max": 52840.0,
            "count": 20
        },
        "PPO_CarAgent6.Environment.CumulativeReward.mean": {
            "value": 805.3564218714617,
            "min": 264.5033750042083,
            "max": 808.2506616187818,
            "count": 20
        },
        "PPO_CarAgent6.Environment.CumulativeReward.sum": {
            "value": 55569.59310913086,
            "min": 16663.71262526512,
            "max": 55569.59310913086,
            "count": 20
        },
        "PPO_CarAgent6.Policy.ExtrinsicReward.mean": {
            "value": 805.3564218714617,
            "min": 264.5033750042083,
            "max": 808.2506616187818,
            "count": 20
        },
        "PPO_CarAgent6.Policy.ExtrinsicReward.sum": {
            "value": 55569.59310913086,
            "min": 16663.71262526512,
            "max": 55569.59310913086,
            "count": 20
        },
        "PPO_CarAgent6.Losses.PolicyLoss.mean": {
            "value": 0.06318796535771677,
            "min": 0.06318796535771677,
            "max": 0.0733960180913675,
            "count": 20
        },
        "PPO_CarAgent6.Losses.PolicyLoss.sum": {
            "value": 0.2527518614308671,
            "min": 0.2527518614308671,
            "max": 0.3615326660619551,
            "count": 20
        },
        "PPO_CarAgent6.Losses.ValueLoss.mean": {
            "value": 23.23935459436228,
            "min": 4.863863345389905,
            "max": 180.01797611341553,
            "count": 20
        },
        "PPO_CarAgent6.Losses.ValueLoss.sum": {
            "value": 92.95741837744912,
            "min": 19.45545338155962,
            "max": 900.0898805670777,
            "count": 20
        },
        "PPO_CarAgent6.Policy.LearningRate.mean": {
            "value": 7.358197547299998e-06,
            "min": 7.358197547299998e-06,
            "max": 0.0002919621026793,
            "count": 20
        },
        "PPO_CarAgent6.Policy.LearningRate.sum": {
            "value": 2.943279018919999e-05,
            "min": 2.943279018919999e-05,
            "max": 0.0013876638374453996,
            "count": 20
        },
        "PPO_CarAgent6.Policy.Epsilon.mean": {
            "value": 0.10245269999999998,
            "min": 0.10245269999999998,
            "max": 0.1973207,
            "count": 20
        },
        "PPO_CarAgent6.Policy.Epsilon.sum": {
            "value": 0.4098107999999999,
            "min": 0.4098107999999999,
            "max": 0.9625546,
            "count": 20
        },
        "PPO_CarAgent6.Policy.Beta.mean": {
            "value": 0.00013238973,
            "min": 0.00013238973,
            "max": 0.00486630293,
            "count": 20
        },
        "PPO_CarAgent6.Policy.Beta.sum": {
            "value": 0.00052955892,
            "min": 0.00052955892,
            "max": 0.023131474540000002,
            "count": 20
        },
        "PPO_CarAgent6.IsTraining.mean": {
            "value": 1.0,
            "min": 1.0,
            "max": 1.0,
            "count": 20
        },
        "PPO_CarAgent6.IsTraining.sum": {
            "value": 1.0,
            "min": 1.0,
            "max": 1.0,
            "count": 20
        }
    },
    "metadata": {
        "timer_format_version": "0.1.0",
        "start_time_seconds": "1642858509",
        "python_version": "3.6.13 |Anaconda, Inc.| (default, Mar 16 2021, 11:37:27) [MSC v.1916 64 bit (AMD64)]",
        "command_line_arguments": "C:\\Users\\alexc\\anaconda3\\envs\\mlagent_release_18\\Scripts\\mlagents-learn config/PPO_CarAgent6.yaml --run-id=PPO_CarAgent6_4 --env=builds/PPO_CarAgent6",
        "mlagents_version": "0.27.0",
        "mlagents_envs_version": "0.27.0",
        "communication_protocol_version": "1.5.0",
        "pytorch_version": "1.7.1+cu110",
        "numpy_version": "1.19.5",
        "end_time_seconds": "1642859929"
    },
    "total": 1419.8836886,
    "count": 1,
    "self": 0.7806279999997514,
    "children": {
        "run_training.setup": {
            "total": 0.08999560000000001,
            "count": 1,
            "self": 0.08999560000000001
        },
        "TrainerController.start_learning": {
            "total": 1419.013065,
            "count": 1,
            "self": 1.9675530000113213,
            "children": {
                "TrainerController._reset_env": {
                    "total": 10.2593218,
                    "count": 1,
                    "self": 10.2593218
                },
                "TrainerController.advance": {
                    "total": 1406.6991871999887,
                    "count": 112305,
                    "self": 1.865882900006227,
                    "children": {
                        "env_step": {
                            "total": 893.4642996999755,
                            "count": 112305,
                            "self": 459.7589050999488,
                            "children": {
                                "SubprocessEnvManager._take_step": {
                                    "total": 432.4757432000006,
                                    "count": 112305,
                                    "self": 5.227912900002991,
                                    "children": {
                                        "TorchPolicy.evaluate": {
                                            "total": 427.2478302999976,
                                            "count": 111152,
                                            "self": 123.9660932000296,
                                            "children": {
                                                "TorchPolicy.sample_actions": {
                                                    "total": 303.281737099968,
                                                    "count": 111152,
                                                    "self": 303.281737099968
                                                }
                                            }
                                        }
                                    }
                                },
                                "workers": {
                                    "total": 1.2296514000261514,
                                    "count": 112305,
                                    "self": 0.0,
                                    "children": {
                                        "worker_root": {
                                            "total": 1407.4589730000016,
                                            "count": 112305,