{
    "name": "root",
    "gauges": {
        "TestAgent.Policy.Entropy.mean": {
            "value": 2.06681752204895,
            "min": 2.06681752204895,
            "max": 2.1808292865753174,
            "count": 2
        },
        "TestAgent.Policy.Entropy.sum": {
            "value": 103307.8125,
            "min": 103307.8125,
            "max": 110088.265625,
            "count": 2
        },
        "TestAgent.Step.mean": {
            "value": 99997.0,
            "min": 49949.0,
            "max": 99997.0,
            "count": 2
        },
        "TestAgent.Step.sum": {
            "value": 99997.0,
            "min": 49949.0,
            "max": 99997.0,
            "count": 2
        },
        "TestAgent.Policy.ExtrinsicValueEstimate.mean": {
            "value": 0.16782067716121674,
            "min": 0.0011753876460716128,
            "max": 0.16782067716121674,
            "count": 2
        },
        "TestAgent.Policy.ExtrinsicValueEstimate.sum": {
            "value": 158.92617797851562,
            "min": 1.0578489303588867,
            "max": 158.92617797851562,
            "count": 2
        },
        "TestAgent.Environment.EpisodeLength.mean": {
            "value": 170.87581699346404,
            "min": 170.87581699346404,
            "max": 259.8100558659218,
            "count": 2
        },
        "TestAgent.Environment.EpisodeLength.sum": {
            "value": 52288.0,
            "min": 46506.0,
            "max": 52288.0,
            "count": 2
        },
        "TestAgent.Environment.CumulativeReward.mean": {
            "value": 0.8065573770491803,
            "min": -0.2011173184357542,
            "max": 0.8065573770491803,
            "count": 2
        },
        "TestAgent.Environment.CumulativeReward.sum": {
            "value": 246.0,
            "min": -36.0,
            "max": 246.0,
            "count": 2
        },
        "TestAgent.Policy.ExtrinsicReward.mean": {
            "value": 0.8065573770491803,
            "min": -0.2011173184357542,
            "max": 0.8065573770491803,
            "count": 2
        },
        "TestAgent.Policy.ExtrinsicReward.sum": {
            "value": 246.0,
            "min": -36.0,
            "max": 246.0,
            "count": 2
        },
        "TestAgent.Losses.PolicyLoss.mean": {
            "value": 0.022972362955721713,
            "min": 0.022972362955721713,
            "max": 0.024255751775732883,
            "count": 2
        },
        "TestAgent.Losses.PolicyLoss.sum": {
            "value": 0.11486181477860857,
            "min": 0.09702300710293153,
            "max": 0.11486181477860857,
            "count": 2
        },
        "TestAgent.Losses.ValueLoss.mean": {
            "value": 0.011977851170425612,
            "min": 0.011977851170425612,
            "max": 0.012691556402326873,
            "count": 2
        },
        "TestAgent.Losses.ValueLoss.sum": {
            "value": 0.059889255852128065,
            "min": 0.05076622560930749,
            "max": 0.059889255852128065,
            "count": 2
        },
        "TestAgent.Policy.LearningRate.mean": {
            "value": 0.0002568414143862,
            "min": 0.0002568414143862,
            "max": 0.00028458165513944996,
            "count": 2
        },
        "TestAgent.Policy.LearningRate.sum": {
            "value": 0.0012842070719309999,
            "min": 0.0011383266205577999,
            "max": 0.0012842070719309999,
            "count": 2
        },
        "TestAgent.Policy.Epsilon.mean": {
            "value": 0.18561380000000002,
            "min": 0.18561380000000002,
            "max": 0.19486055,
            "count": 2
        },
        "TestAgent.Policy.Epsilon.sum": {
            "value": 0.9280690000000001,
            "min": 0.7794422,
            "max": 0.9280690000000001,
            "count": 2
        },
        "TestAgent.Policy.Beta.mean": {
            "value": 0.004282128620000001,
            "min": 0.004282128620000001,
            "max": 0.004743541445,
            "count": 2
        },
        "TestAgent.Policy.Beta.sum": {
            "value": 0.0214106431,
            "min": 0.01897416578,
            "max": 0.0214106431,
            "count": 2
        },
        "TestAgent.IsTraining.mean": {
            "value": 1.0,
            "min": 1.0,
            "max": 1.0,
            "count": 2
        },
        "TestAgent.IsTraining.sum": {
            "value": 1.0,
            "min": 1.0,
            "max": 1.0,
            "count": 2
        }
    },
    "metadata": {
        "timer_format_version": "0.1.0",
        "start_time_seconds": "1641676458",
        "python_version": "3.6.13 |Anaconda, Inc.| (default, Mar 16 2021, 11:37:27) [MSC v.1916 64 bit (AMD64)]",
        "command_line_arguments": "C:\\Users\\alexc\\Documents\\Unity\\Projects\\ResearchProject\\venv\\Scripts\\mlagents-learn --run-id=TestAgentBuild --env=builds/build_1 --force",
        "mlagents_version": "0.27.0",
        "mlagents_envs_version": "0.27.0",
        "communication_protocol_version": "1.5.0",
        "pytorch_version": "1.7.1+cu110",
        "numpy_version": "1.19.5",
        "end_time_seconds": "1641676819"
    },
    "total": 361.0648371,
    "count": 1,
    "self": 10.005466299999966,
    "children": {
        "run_training.setup": {
            "total": 0.1377613,
            "count": 1,
            "self": 0.1377613
        },
        "TrainerController.start_learning": {
            "total": 350.9216095,
            "count": 1,
            "self": 0.19086510000011003,
            "children": {
                "TrainerController._reset_env": {
                    "total": 23.1119888,
                    "count": 1,
                    "self": 23.1119888
                },
                "TrainerController.advance": {
                    "total": 326.9155687999999,
                    "count": 7796,
                    "self": 0.14511479999811172,
                    "children": {
                        "env_step": {
                            "total": 259.4856181000012,
                            "count": 7796,
                            "self": 226.57602609999907,
                            "children": {
                                "SubprocessEnvManager._take_step": {
                                    "total": 32.76921369999882,
                                    "count": 7796,
                                    "self": 0.3926042999994266,
                                    "children": {
                                        "TorchPolicy.evaluate": {
                                            "total": 32.376609399999396,
                                            "count": 7264,
                                            "self": 8.064677499999927,
                                            "children": {
                                                "TorchPolicy.sample_actions": {
                                                    "total": 24.31193189999947,
                                                    "count": 7264,
                                                    "self": 24.31193189999947
                                                }
                                            }
                                        }
                                    }
                                },
                                "workers": {
                                    "total": 0.14037830000330231,
                                    "count": 7795,
                                    "self": 0.0,
                                    "children": {
                                        "worker_root": {
                                            "total": 335.3224680999989,
                                            "count": 7795,
                                            "is_parallel": true,
                                            "self": 137.73838100000003,