{
    "name": "root",
    "gauges": {
        "PPO_CarAgent6.Policy.Entropy.mean": {
            "value": 3.0313446521759033,
            "min": 3.0285890102386475,
            "max": 4.846564769744873,
            "count": 30
        },
        "PPO_CarAgent6.Policy.Entropy.sum": {
            "value": 151934.03125,
            "min": 151332.53125,
            "max": 242958.28125,
            "count": 30
        },
        "PPO_CarAgent6.Step.mean": {
            "value": 1499967.0,
            "min": 49938.0,
            "max": 1499967.0,
            "count": 30
        },
        "PPO_CarAgent6.Step.sum": {
            "value": 1499967.0,
            "min": 49938.0,
            "max": 1499967.0,
            "count": 30
        },
        "PPO_CarAgent6.Policy.ExtrinsicValueEstimate.mean": {
            "value": 106.11148071289062,
            "min": 6.151152610778809,
            "max": 107.25812530517578,
            "count": 30
        },
        "PPO_CarAgent6.Policy.ExtrinsicValueEstimate.sum": {
            "value": 84995.296875,
            "min": 4908.61962890625,
            "max": 85913.7578125,
            "count": 30
        },
        "PPO_CarAgent6.Environment.EpisodeLength.mean": {
            "value": 730.6764705882352,
            "min": 700.6760563380282,
            "max": 749.0,
            "count": 30
        },
        "PPO_CarAgent6.Environment.EpisodeLength.sum": {
            "value": 49686.0,
            "min": 47187.0,
            "max": 53688.0,
            "count": 30
        },
        "PPO_CarAgent6.Environment.CumulativeReward.mean": {
            "value": 799.7987087474149,
            "min": 273.9136921034919,
            "max": 813.4230932628407,
            "count": 30
        },
        "PPO_CarAgent6.Environment.CumulativeReward.sum": {
            "value": 54386.31219482422,
            "min": 17256.56260251999,
            "max": 55729.72308731079,
            "count": 30
        },
        "PPO_CarAgent6.Policy.ExtrinsicReward.mean": {
            "value": 799.7987087474149,
            "min": 273.9136921034919,
            "max": 813.4230932628407,
            "count": 30
        },
        "PPO_CarAgent6.Policy.ExtrinsicReward.sum": {
            "value": 54386.31219482422,
            "min": 17256.56260251999,
            "max": 55729.72308731079,
            "count": 30
        },
        "PPO_CarAgent6.Losses.PolicyLoss.mean": {
            "value": 0.03801462115569544,
            "min": 0.032426637982765294,
            "max": 0.03801462115569544,
            "count": 30
        },
        "PPO_CarAgent6.Losses.PolicyLoss.sum": {
            "value": 0.19007310577847722,
            "min": 0.12970655193106118,
            "max": 0.19007310577847722,
            "count": 30
        },
        "PPO_CarAgent6.Losses.ValueLoss.mean": {
            "value": 14.062221044898033,
            "min": 6.5285429096884195,
            "max": 324.80736176172894,
            "count": 30
        },
        "PPO_CarAgent6.Losses.ValueLoss.sum": {
            "value": 70.31110522449016,
            "min": 26.114171638753678,
            "max": 1299.2294470469158,
            "count": 30
        },
        "PPO_CarAgent6.Policy.LearningRate.mean": {
            "value": 5.198138267319999e-06,
            "min": 5.198138267319999e-06,
            "max": 0.00029464140178619996,
            "count": 30
        },
        "PPO_CarAgent6.Policy.LearningRate.sum": {
            "value": 2.5990691336599997e-05,
            "min": 2.5990691336599997e-05,
            "max": 0.0014251092249636004,
            "count": 30
        },
        "PPO_CarAgent6.Policy.Epsilon.mean": {
            "value": 0.10173268000000005,
            "min": 0.10173268000000005,
            "max": 0.19821380000000002,
            "count": 30
        },
        "PPO_CarAgent6.Policy.Epsilon.sum": {
            "value": 0.5086634000000002,
            "min": 0.4466414666666667,
            "max": 0.9750364,
            "count": 30
        },
        "PPO_CarAgent6.Policy.Beta.mean": {
            "value": 9.646073200000001e-05,
            "min": 9.646073200000001e-05,
            "max": 0.004910868620000001,
            "count": 30
        },
        "PPO_CarAgent6.Policy.Beta.sum": {
            "value": 0.00048230366,
            "min": 0.00048230366,
            "max": 0.02375431636,
            "count": 30
        },
        "PPO_CarAgent6.IsTraining.mean": {
            "value": 1.0,
            "min": 1.0,
            "max": 1.0,
            "count": 30
        },
        "PPO_CarAgent6.IsTraining.sum": {
            "value": 1.0,
            "min": 1.0,
            "max": 1.0,
            "count": 30
        }
    },
    "metadata": {
        "timer_format_version": "0.1.0",
        "start_time_seconds": "1642874956",
        "python_version": "3.6.13 |Anaconda, Inc.| (default, Mar 16 2021, 11:37:27) [MSC v.1916 64 bit (AMD64)]",
        "command_line_arguments": "C:\\Users\\alexc\\anaconda3\\envs\\mlagent_release_18\\Scripts\\mlagents-learn config/PPO_CarAgent6_n128.yaml --run-id=PPO_CarAgent6_4_n128 --env=builds/PPO_CarAgent6",
        "mlagents_version": "0.27.0",
        "mlagents_envs_version": "0.27.0",
        "communication_protocol_version": "1.5.0",
        "pytorch_version": "1.7.1+cu110",
        "numpy_version": "1.19.5",
        "end_time_seconds": "1642876863"
    },
    "total": 1906.4100001,
    "count": 1,
    "self": 0.7773204999998597,
    "children": {
        "run_training.setup": {
            "total": 0.08775920000000001,
            "count": 1,
            "self": 0.08775920000000001
        },
        "TrainerController.start_learning": {
            "total": 1905.5449204000001,
            "count": 1,
            "self": 3.1154431999977987,
            "children": {
                "TrainerController._reset_env": {
                    "total": 5.733389799999999,
                    "count": 1,
                    "self": 5.733389799999999
                },
                "TrainerController.advance": {
                    "total": 1896.5613448000022,
                    "count": 168523,
                    "self": 2.760220200007552,
                    "children": {
                        "env_step": {
                            "total": 1377.82339450002,
                            "count": 168523,
                            "self": 735.5034550000013,
                            "children": {
                                "SubprocessEnvManager._take_step": {
                                    "total": 640.4193502000292,
                                    "count": 168523,
                                    "self": 8.431963600054473,
                                    "children": {
                                        "TorchPolicy.evaluate": {
                                            "total": 631.9873865999747,
                                            "count": 166706,
                                            "self": 174.88145809998662,
                                            "children": {
                                                "TorchPolicy.sample_actions": {
                                                    "total": 457.10592849998807,
                                                    "count": 166706,
                                                    "self": 457.10592849998807
                                                }
                                            }
                                        }
                                    }
                                },
                                "workers": {
                                    "total": 1.9005892999895293,
                                    "count": 168523,
                                    "self": 0.0,
                                    "children": {
                                        "worker_root": {
                                            "total": 1896.9912087999442,