{
    "name": "root",
    "gauges": {
        "SAC_CarAgent6.Policy.Entropy.mean": {
            "value": 0.9794721007347107,
            "min": 0.875438392162323,
            "max": 3.9937732219696045,
            "count": 30
        },
        "SAC_CarAgent6.Policy.Entropy.sum": {
            "value": 9846.6328125,
            "min": 8800.7822265625,
            "max": 40760.44921875,
            "count": 30
        },
        "SAC_CarAgent6.Step.mean": {
            "value": 299989.0,
            "min": 9950.0,
            "max": 299989.0,
            "count": 30
        },
        "SAC_CarAgent6.Step.sum": {
            "value": 299989.0,
            "min": 9950.0,
            "max": 299989.0,
            "count": 30
        },
        "SAC_CarAgent6.Policy.ExtrinsicValue.mean": {
            "value": 19.636253356933594,
            "min": 2.809584856033325,
            "max": 21.969165802001953,
            "count": 30
        },
        "SAC_CarAgent6.Policy.ExtrinsicValue.sum": {
            "value": 3220.345458984375,
            "min": 443.9143981933594,
            "max": 3559.0048828125,
            "count": 30
        },
        "SAC_CarAgent6.Losses.PolicyLoss.mean": {
            "value": -53.836580963314276,
            "min": -64.13167856224523,
            "max": -9.04529195562965,
            "count": 30
        },
        "SAC_CarAgent6.Losses.PolicyLoss.sum": {
            "value": -53998.09070620422,
            "min": -64067.54688368298,
            "max": -7797.0416657527585,
            "count": 30
        },
        "SAC_CarAgent6.Losses.ValueLoss.mean": {
            "value": 0.06344204093669994,
            "min": 0.009818171465197317,
            "max": 0.08055510164676932,
            "count": 30
        },
        "SAC_CarAgent6.Losses.ValueLoss.sum": {
            "value": 63.63236705951004,
            "min": 10.034171237431657,
            "max": 80.55510164676932,
            "count": 30
        },
        "SAC_CarAgent6.Losses.Q1Loss.mean": {
            "value": 0.3993220992192501,
            "min": 0.07058285565525506,
            "max": 0.5474056690554007,
            "count": 30
        },
        "SAC_CarAgent6.Losses.Q1Loss.sum": {
            "value": 400.52006551690783,
            "min": 60.842421574829864,
            "max": 547.4056690554007,
            "count": 30
        },
        "SAC_CarAgent6.Losses.Q2Loss.mean": {
            "value": 0.39033787187702434,
            "min": 0.05979317912660454,
            "max": 0.527617816407947,
            "count": 30
        },
        "SAC_CarAgent6.Losses.Q2Loss.sum": {
            "value": 391.5088854926554,
            "min": 51.54172040713311,
            "max": 527.617816407947,
            "count": 30
        },
        "SAC_CarAgent6.Policy.DiscreteEntropyCoeff.mean": {
            "value": 0.16100335753443845,
            "min": 0.07129006311467924,
            "max": 0.4621515561796416,
            "count": 30
        },
        "SAC_CarAgent6.Policy.DiscreteEntropyCoeff.sum": {
            "value": 161.48636760704176,
            "min": 71.4326432409086,
            "max": 424.60876752408717,
            "count": 30
        },
        "SAC_CarAgent6.Policy.ContinuousEntropyCoeff.mean": {
            "value": 0.5,
            "min": 0.5,
            "max": 0.5,
            "count": 30
        },
        "SAC_CarAgent6.Policy.ContinuousEntropyCoeff.sum": {
            "value": 501.5,
            "min": 431.0,
            "max": 511.0,
            "count": 30
        },
        "SAC_CarAgent6.Policy.LearningRate.mean": {
            "value": 0.0002999999999999999,
            "min": 0.0002999999999999999,
            "max": 0.00030000000000000003,
            "count": 30
        },
        "SAC_CarAgent6.Policy.LearningRate.sum": {
            "value": 0.30089999999999995,
            "min": 0.2586,
            "max": 0.3066,
            "count": 30
        },
        "SAC_CarAgent6.Environment.EpisodeLength.mean": {
            "value": 583.95,
            "min": 425.1363636363636,
            "max": 749.0,
            "count": 30
        },
        "SAC_CarAgent6.Environment.EpisodeLength.sum": {
            "value": 11679.0,
            "min": 6741.0,
            "max": 13251.0,
            "count": 30
        },
        "SAC_CarAgent6.Environment.CumulativeReward.mean": {
            "value": 583.9485322952271,
            "min": 239.82432744814002,
            "max": 786.6082948537974,
            "count": 30
        },
        "SAC_CarAgent6.Environment.CumulativeReward.sum": {
            "value": 11678.970645904541,
            "min": 3554.9978144168854,
            "max": 11678.970645904541,
            "count": 30
        },
        "SAC_CarAgent6.Policy.ExtrinsicReward.mean": {
            "value": 583.9485322952271,
            "min": 239.82432744814002,
            "max": 786.6082948537974,
            "count": 30
        },
        "SAC_CarAgent6.Policy.ExtrinsicReward.sum": {
            "value": 11678.970645904541,
            "min": 3554.9978144168854,
            "max": 11678.970645904541,
            "count": 30
        },
        "SAC_CarAgent6.IsTraining.mean": {
            "value": 1.0,
            "min": 1.0,
            "max": 1.0,
            "count": 30
        },
        "SAC_CarAgent6.IsTraining.sum": {
            "value": 1.0,
            "min": 1.0,
            "max": 1.0,
            "count": 30
        }
    },
    "metadata": {
        "timer_format_version": "0.1.0",
        "start_time_seconds": "1642946632",
        "python_version": "3.6.13 |Anaconda, Inc.| (default, Mar 16 2021, 11:37:27) [MSC v.1916 64 bit (AMD64)]",
        "command_line_arguments": "C:\\Users\\alexc\\anaconda3\\envs\\mlagent_release_18\\Scripts\\mlagents-learn config/SAC_CarAgent6.yaml --run-id=SAC_CarAgent6_test --env=builds/SAC_CarAgent6 --force",
        "mlagents_version": "0.27.0",
        "mlagents_envs_version": "0.27.0",
        "communication_protocol_version": "1.5.0",
        "pytorch_version": "1.7.1+cu110",
        "numpy_version": "1.19.5",
        "end_time_seconds": "1642947944"
    },
    "total": 1311.8125681,
    "count": 1,
    "self": 0.23055709999994178,
    "children": {
        "run_training.setup": {
            "total": 0.0798694,
            "count": 1,
            "self": 0.0798694
        },
        "TrainerController.start_learning": {
            "total": 1311.5021416,
            "count": 1,
            "self": 0.6256801999991239,
            "children": {
                "TrainerController._reset_env": {
                    "total": 11.378366300000001,
                    "count": 1,
                    "self": 11.378366300000001
                },
                "TrainerController.advance": {
                    "total": 1299.3828225000009,
                    "count": 33749,
                    "self": 0.5390346999688518,
                    "children": {
                        "env_step": {
                            "total": 276.5001915000193,
                            "count": 33749,
                            "self": 139.04206850005428,
                            "children": {
                                "SubprocessEnvManager._take_step": {
                                    "total": 137.0886661999816,
                                    "count": 33749,
                                    "self": 1.614768599992317,
                                    "children": {
                                        "TorchPolicy.evaluate": {
                                            "total": 135.47389759998927,
                                            "count": 33366,
                                            "self": 40.17901959999786,
                                            "children": {
                                                "TorchPolicy.sample_actions": {
                                                    "total": 95.29487799999141,