{
    "name": "root",
    "gauges": {
        "CarAgent5_2.Policy.Entropy.mean": {
            "value": 3.7538559436798096,
            "min": 3.7538559436798096,
            "max": 4.723901271820068,
            "count": 25
        },
        "CarAgent5_2.Policy.Entropy.sum": {
            "value": 226312.46875,
            "min": 226312.46875,
            "max": 284794.5625,
            "count": 25
        },
        "CarAgent5_2.Step.mean": {
            "value": 1499968.0,
            "min": 59968.0,
            "max": 1499968.0,
            "count": 25
        },
        "CarAgent5_2.Step.sum": {
            "value": 1499968.0,
            "min": 59968.0,
            "max": 1499968.0,
            "count": 25
        },
        "CarAgent5_2.Policy.ExtrinsicValueEstimate.mean": {
            "value": -18.97534942626953,
            "min": -45.46910095214844,
            "max": -10.852378845214844,
            "count": 25
        },
        "CarAgent5_2.Policy.ExtrinsicValueEstimate.sum": {
            "value": -18140.43359375,
            "min": -43832.21484375,
            "max": -10374.8740234375,
            "count": 25
        },
        "CarAgent5_2.Losses.PolicyLoss.mean": {
            "value": 0.03393165800961369,
            "min": 0.032531510454225074,
            "max": 0.037263886274645254,
            "count": 25
        },
        "CarAgent5_2.Losses.PolicyLoss.sum": {
            "value": 0.20358994805768213,
            "min": 0.16265755227112536,
            "max": 0.22358331764787154,
            "count": 25
        },
        "CarAgent5_2.Losses.ValueLoss.mean": {
            "value": 7.400663065007239,
            "min": 0.27845488499059823,
            "max": 454.2294957949657,
            "count": 25
        },
        "CarAgent5_2.Losses.ValueLoss.sum": {
            "value": 44.403978390043434,
            "min": 1.3922744249529913,
            "max": 2725.3769747697943,
            "count": 25
        },
        "CarAgent5_2.Policy.LearningRate.mean": {
            "value": 6.240097920000001e-06,
            "min": 6.240097920000001e-06,
            "max": 0.00029333376222208005,
            "count": 25
        },
        "CarAgent5_2.Policy.LearningRate.sum": {
            "value": 3.7440587520000004e-05,
            "min": 3.7440587520000004e-05,
            "max": 0.0016214400595199999,
            "count": 25
        },
        "CarAgent5_2.Policy.Epsilon.mean": {
            "value": 0.10208,
            "min": 0.10208,
            "max": 0.19777792,
            "count": 25
        },
        "CarAgent5_2.Policy.Epsilon.sum": {
            "value": 0.61248,
            "min": 0.5305770666666667,
            "max": 1.1404800000000002,
            "count": 25
        },
        "CarAgent5_2.Policy.Beta.mean": {
            "value": 0.00015539200000000005,
            "min": 0.00015539200000000005,
            "max": 0.006844676608,
            "count": 25
        },
        "CarAgent5_2.Policy.Beta.sum": {
            "value": 0.0009323520000000003,
            "min": 0.0009323520000000003,
            "max": 0.037839552,
            "count": 25
        },
        "CarAgent5_2.Environment.EpisodeLength.mean": {
            "value": 1499.0,
            "min": 1499.0,
            "max": 1499.0,
            "count": 25
        },
        "CarAgent5_2.Environment.EpisodeLength.sum": {
            "value": 47968.0,
            "min": 47968.0,
            "max": 71952.0,
            "count": 25
        },
        "CarAgent5_2.Environment.CumulativeReward.mean": {
            "value": -268.53335587906116,
            "min": -771.4638688995483,
            "max": -154.6000141488745,
            "count": 25
        },
        "CarAgent5_2.Environment.CumulativeReward.sum": {
            "value": -8861.600744009018,
            "min": -36258.80183827877,
            "max": -5717.60049700737,
            "count": 25
        },
        "CarAgent5_2.Policy.ExtrinsicReward.mean": {
            "value": -268.53335587906116,
            "min": -771.4638688995483,
            "max": -154.6000141488745,
            "count": 25
        },
        "CarAgent5_2.Policy.ExtrinsicReward.sum": {
            "value": -8861.600744009018,
            "min": -36258.80183827877,
            "max": -5717.60049700737,
            "count": 25
        },
        "CarAgent5_2.IsTraining.mean": {
            "value": 1.0,
            "min": 1.0,
            "max": 1.0,
            "count": 25
        },
        "CarAgent5_2.IsTraining.sum": {
            "value": 1.0,
            "min": 1.0,
            "max": 1.0,
            "count": 25
        }
    },
    "metadata": {
        "timer_format_version": "0.1.0",
        "start_time_seconds": "1642426995",
        "python_version": "3.6.13 |Anaconda, Inc.| (default, Mar 16 2021, 11:37:27) [MSC v.1916 64 bit (AMD64)]",
        "command_line_arguments": "C:\\Users\\alexc\\anaconda3\\envs\\unity_ml_full\\Scripts\\mlagents-learn config/CarAgent5.yaml --run-id=CarAgent5_2 --env=builds/CarAgent5_center --force",
        "mlagents_version": "0.27.0",
        "mlagents_envs_version": "0.27.0",
        "communication_protocol_version": "1.5.0",
        "pytorch_version": "1.7.1+cu110",
        "numpy_version": "1.19.5",
        "end_time_seconds": "1642428521"
    },
    "total": 1526.3484959999998,
    "count": 1,
    "self": 0.7845908999997846,
    "children": {
        "run_training.setup": {
            "total": 0.0892726,
            "count": 1,
            "self": 0.0892726
        },
        "TrainerController.start_learning": {
            "total": 1525.4746325,
            "count": 1,
            "self": 1.77827549999256,
            "children": {
                "TrainerController._reset_env": {
                    "total": 7.3302733,
                    "count": 1,
                    "self": 7.3302733
                },
                "TrainerController.advance": {
                    "total": 1516.2665198000075,
                    "count": 93768,
                    "self": 1.661994400019239,
                    "children": {
                        "env_step": {
                            "total": 1004.2198662999743,
                            "count": 93768,
                            "self": 549.3167816999694,
                            "children": {
                                "SubprocessEnvManager._take_step": {
                                    "total": 453.7908613000193,
                                    "count": 93768,
                                    "self": 5.215425400022241,
                                    "children": {
                                        "TorchPolicy.evaluate": {
                                            "total": 448.57543589999705,
                                            "count": 93768,
                                            "self": 147.299782900016,
                                            "children": {
                                                "TorchPolicy.sample_actions": {
                                                    "total": 301.27565299998105,
                                                    "count": 93768,
                                                    "self": 301.27565299998105
                                                }
                                            }
                                        }
                                    }
                                },
                                "workers": {
                                    "total": 1.1122232999856934,
                                    "count": 93768,
                                    "self": 0.0,
                                    "children": {
                                        "worker_root": {
                                            "total": 1516.87889569998,
                                            "count": 93768,
                                            "is_parallel": true,