{
    "name": "root",
    "gauges": {
        "PPO_CarAgent6.Policy.Entropy.mean": {
            "value": 3.066277503967285,
            "min": 2.9463706016540527,
            "max": 4.595503330230713,
            "count": 30
        },
        "PPO_CarAgent6.Policy.Entropy.sum": {
            "value": 153215.75,
            "min": 147277.28125,
            "max": 230372.59375,
            "count": 30
        },
        "PPO_CarAgent6.Step.mean": {
            "value": 1499954.0,
            "min": 49938.0,
            "max": 1499954.0,
            "count": 30
        },
        "PPO_CarAgent6.Step.sum": {
            "value": 1499954.0,
            "min": 49938.0,
            "max": 1499954.0,
            "count": 30
        },
        "PPO_CarAgent6.Policy.ExtrinsicValueEstimate.mean": {
            "value": 98.54253387451172,
            "min": 15.642724990844727,
            "max": 105.65950012207031,
            "count": 30
        },
        "PPO_CarAgent6.Policy.ExtrinsicValueEstimate.sum": {
            "value": 79228.1953125,
            "min": 12482.89453125,
            "max": 84527.6015625,
            "count": 30
        },
        "PPO_CarAgent6.Losses.PolicyLoss.mean": {
            "value": 0.046219610591733726,
            "min": 0.04584072868438617,
            "max": 0.05304158747230152,
            "count": 30
        },
        "PPO_CarAgent6.Losses.PolicyLoss.sum": {
            "value": 0.4621961059173373,
            "min": 0.4125665581594755,
            "max": 0.5304158747230152,
            "count": 30
        },
        "PPO_CarAgent6.Losses.ValueLoss.mean": {
            "value": 53.28056507269541,
            "min": 10.32051871815266,
            "max": 356.38215166568756,
            "count": 30
        },
        "PPO_CarAgent6.Losses.ValueLoss.sum": {
            "value": 532.8056507269541,
            "min": 92.88466846337394,
            "max": 3563.8215166568757,
            "count": 30
        },
        "PPO_CarAgent6.Policy.LearningRate.mean": {
            "value": 4.893498368866664e-06,
            "min": 4.893498368866664e-06,
            "max": 0.0002945216018261333,
            "count": 30
        },
        "PPO_CarAgent6.Policy.LearningRate.sum": {
            "value": 4.893498368866664e-05,
            "min": 4.893498368866664e-05,
            "max": 0.0027488212837262667,
            "count": 30
        },
        "PPO_CarAgent6.Policy.Epsilon.mean": {
            "value": 0.10163113333333333,
            "min": 0.10163113333333333,
            "max": 0.1981738666666667,
            "count": 30
        },
        "PPO_CarAgent6.Policy.Epsilon.sum": {
            "value": 1.0163113333333333,
            "min": 0.9750096000000001,
            "max": 1.9162737333333333,
            "count": 30
        },
        "PPO_CarAgent6.Policy.Beta.mean": {
            "value": 9.139355333333328e-05,
            "min": 9.139355333333328e-05,
            "max": 0.004908875946666666,
            "count": 30
        },
        "PPO_CarAgent6.Policy.Beta.sum": {
            "value": 0.0009139355333333327,
            "min": 0.0009139355333333327,
            "max": 0.04582205929333333,
            "count": 30
        },
        "PPO_CarAgent6.Environment.EpisodeLength.mean": {
            "value": 689.3239436619718,
            "min": 689.3239436619718,
            "max": 749.0,
            "count": 30
        },
        "PPO_CarAgent6.Environment.EpisodeLength.sum": {
            "value": 48942.0,
            "min": 47187.0,
            "max": 51850.0,
            "count": 30
        },
        "PPO_CarAgent6.Environment.CumulativeReward.mean": {
            "value": 728.4493860593984,
            "min": 390.5755923078174,
            "max": 807.1242315118963,
            "count": 30
        },
        "PPO_CarAgent6.Environment.CumulativeReward.sum": {
            "value": 51719.906410217285,
            "min": 24606.262315392494,
            "max": 56810.94825935364,
            "count": 30
        },
        "PPO_CarAgent6.Policy.ExtrinsicReward.mean": {
            "value": 728.4493860593984,
            "min": 390.5755923078174,
            "max": 807.1242315118963,
            "count": 30
        },
        "PPO_CarAgent6.Policy.ExtrinsicReward.sum": {
            "value": 51719.906410217285,
            "min": 24606.262315392494,
            "max": 56810.94825935364,
            "count": 30
        },
        "PPO_CarAgent6.IsTraining.mean": {
            "value": 1.0,
            "min": 1.0,
            "max": 1.0,
            "count": 30
        },
        "PPO_CarAgent6.IsTraining.sum": {
            "value": 1.0,
            "min": 1.0,
            "max": 1.0,
            "count": 30
        }
    },
    "metadata": {
        "timer_format_version": "0.1.0",
        "start_time_seconds": "1643116465",
        "python_version": "3.6.13 |Anaconda, Inc.| (default, Mar 16 2021, 11:37:27) [MSC v.1916 64 bit (AMD64)]",
        "command_line_arguments": "C:\\Users\\alexc\\anaconda3\\envs\\mlagent_release_18\\Scripts\\mlagents-learn config/PPO/PPO_CarAgent6_5_test3.yaml --run-id=PPO_CarAgent6_5_test6 --env=builds/PPO_CarAgent6",
        "mlagents_version": "0.27.0",
        "mlagents_envs_version": "0.27.0",
        "communication_protocol_version": "1.5.0",
        "pytorch_version": "1.7.1+cu110",
        "numpy_version": "1.19.5",
        "end_time_seconds": "1643118498"
    },
    "total": 2033.220564,
    "count": 1,
    "self": 0.26196459999982835,
    "children": {
        "run_training.setup": {
            "total": 0.0835024,
            "count": 1,
            "self": 0.0835024
        },
        "TrainerController.start_learning": {
            "total": 2032.875097,
            "count": 1,
            "self": 3.077096500017433,
            "children": {
                "TrainerController._reset_env": {
                    "total": 5.7213292000000004,
                    "count": 1,
                    "self": 5.7213292000000004
                },
                "TrainerController.advance": {
                    "total": 2023.9937179999827,
                    "count": 168652,
                    "self": 2.6334495999960836,
                    "children": {
                        "env_step": {
                            "total": 1398.7784566999705,
                            "count": 168652,
                            "self": 695.5523854999731,
                            "children": {
                                "SubprocessEnvManager._take_step": {
                                    "total": 701.3957911999834,
                                    "count": 168652,
                                    "self": 7.948958399989465,
                                    "children": {
                                        "TorchPolicy.evaluate": {
                                            "total": 693.4468327999939,
                                            "count": 166699,
                                            "self": 211.39380060002605,
                                            "children": {
                                                "TorchPolicy.sample_actions": {
                                                    "total": 482.05303219996784,
                                                    "count": 166699,
                                                    "self": 482.05303219996784
                                                }
                                            }
                                        }
                                    }
                                },
                                "workers": {
                                    "total": 1.8302800000140707,
                                    "count": 168652,
                                    "self": 0.0,
                                    "children": {
                                        "worker_root": {
                                            "total": 2024.4312966999773,