{
    "name": "root",
    "gauges": {
        "SAC_CarAgent6.Policy.Entropy.mean": {
            "value": 1.0077794790267944,
            "min": 0.8995702862739563,
            "max": 4.0394158363342285,
            "count": 30
        },
        "SAC_CarAgent6.Policy.Entropy.sum": {
            "value": 9986.0869140625,
            "min": 9148.6298828125,
            "max": 41226.27734375,
            "count": 30
        },
        "SAC_CarAgent6.Step.mean": {
            "value": 299958.0,
            "min": 9937.0,
            "max": 299958.0,
            "count": 30
        },
        "SAC_CarAgent6.Step.sum": {
            "value": 299958.0,
            "min": 9937.0,
            "max": 299958.0,
            "count": 30
        },
        "SAC_CarAgent6.Policy.ExtrinsicValue.mean": {
            "value": 20.971342086791992,
            "min": 2.8642172813415527,
            "max": 21.058988571166992,
            "count": 30
        },
        "SAC_CarAgent6.Policy.ExtrinsicValue.sum": {
            "value": 3418.328857421875,
            "min": 461.13897705078125,
            "max": 3418.328857421875,
            "count": 30
        },
        "SAC_CarAgent6.Losses.PolicyLoss.mean": {
            "value": -61.20257064318035,
            "min": -61.20257064318035,
            "max": -9.679883360405972,
            "count": 30
        },
        "SAC_CarAgent6.Losses.PolicyLoss.sum": {
            "value": -60774.152648678086,
            "min": -61126.18511327404,
            "max": -8644.135840842533,
            "count": 30
        },
        "SAC_CarAgent6.Losses.ValueLoss.mean": {
            "value": 0.022404623440287215,
            "min": 0.005279846992138801,
            "max": 0.06220051370677482,
            "count": 30
        },
        "SAC_CarAgent6.Losses.ValueLoss.sum": {
            "value": 22.247791076205203,
            "min": 5.28512683913094,
            "max": 62.51151627530869,
            "count": 30
        },
        "SAC_CarAgent6.Losses.Q1Loss.mean": {
            "value": 0.19662101968781742,
            "min": 0.07926259933520778,
            "max": 0.698470966797816,
            "count": 30
        },
        "SAC_CarAgent6.Losses.Q1Loss.sum": {
            "value": 195.2446725500027,
            "min": 70.78150120634055,
            "max": 699.1694377646138,
            "count": 30
        },
        "SAC_CarAgent6.Losses.Q2Loss.mean": {
            "value": 0.1866891072582779,
            "min": 0.0775197428665416,
            "max": 0.6905207552131891,
            "count": 30
        },
        "SAC_CarAgent6.Losses.Q2Loss.sum": {
            "value": 185.38228350746994,
            "min": 69.22513037982165,
            "max": 691.2112759684023,
            "count": 30
        },
        "SAC_CarAgent6.Policy.DiscreteEntropyCoeff.mean": {
            "value": 0.10919201131135864,
            "min": 0.10919201131135864,
            "max": 0.4615797537509035,
            "count": 30
        },
        "SAC_CarAgent6.Policy.DiscreteEntropyCoeff.sum": {
            "value": 108.42766723217913,
            "min": 108.42766723217913,
            "max": 415.70692505774014,
            "count": 30
        },
        "SAC_CarAgent6.Policy.ContinuousEntropyCoeff.mean": {
            "value": 0.5,
            "min": 0.5,
            "max": 0.5,
            "count": 30
        },
        "SAC_CarAgent6.Policy.ContinuousEntropyCoeff.sum": {
            "value": 496.5,
            "min": 446.5,
            "max": 503.0,
            "count": 30
        },
        "SAC_CarAgent6.Policy.LearningRate.mean": {
            "value": 0.0002999999999999999,
            "min": 0.0002999999999999999,
            "max": 0.00030000000000000003,
            "count": 30
        },
        "SAC_CarAgent6.Policy.LearningRate.sum": {
            "value": 0.29789999999999994,
            "min": 0.2679,
            "max": 0.30179999999999996,
            "count": 30
        },
        "SAC_CarAgent6.Environment.EpisodeLength.mean": {
            "value": 611.0,
            "min": 445.0,
            "max": 747.75,
            "count": 30
        },
        "SAC_CarAgent6.Environment.EpisodeLength.sum": {
            "value": 10998.0,
            "min": 7090.0,
            "max": 12420.0,
            "count": 30
        },
        "SAC_CarAgent6.Environment.CumulativeReward.mean": {
            "value": 640.0612101025051,
            "min": 248.69209026098252,
            "max": 760.1133681077224,
            "count": 30
        },
        "SAC_CarAgent6.Environment.CumulativeReward.sum": {
            "value": 11521.101781845093,
            "min": 4136.931911468506,
            "max": 11817.1017973423,
            "count": 30
        },
        "SAC_CarAgent6.Policy.ExtrinsicReward.mean": {
            "value": 640.0612101025051,
            "min": 248.69209026098252,
            "max": 760.1133681077224,
            "count": 30
        },
        "SAC_CarAgent6.Policy.ExtrinsicReward.sum": {
            "value": 11521.101781845093,
            "min": 4136.931911468506,
            "max": 11817.1017973423,
            "count": 30
        },
        "SAC_CarAgent6.IsTraining.mean": {
            "value": 1.0,
            "min": 1.0,
            "max": 1.0,
            "count": 30
        },
        "SAC_CarAgent6.IsTraining.sum": {
            "value": 1.0,
            "min": 1.0,
            "max": 1.0,
            "count": 30
        }
    },
    "metadata": {
        "timer_format_version": "0.1.0",
        "start_time_seconds": "1642950432",
        "python_version": "3.6.13 |Anaconda, Inc.| (default, Mar 16 2021, 11:37:27) [MSC v.1916 64 bit (AMD64)]",
        "command_line_arguments": "C:\\Users\\alexc\\anaconda3\\envs\\mlagent_release_18\\Scripts\\mlagents-learn config/SAC_CarAgent6_test3.yaml --run-id=SAC_CarAgent6_test3 --env=builds/SAC_CarAgent6 --force",
        "mlagents_version": "0.27.0",
        "mlagents_envs_version": "0.27.0",
        "communication_protocol_version": "1.5.0",
        "pytorch_version": "1.7.1+cu110",
        "numpy_version": "1.19.5",
        "end_time_seconds": "1642952891"
    },
    "total": 2459.4814614,
    "count": 1,
    "self": 0.2497644000004584,
    "children": {
        "run_training.setup": {
            "total": 0.0846721,
            "count": 1,
            "self": 0.0846721
        },
        "TrainerController.start_learning": {
            "total": 2459.1470249,
            "count": 1,
            "self": 0.6493413999946824,
            "children": {
                "TrainerController._reset_env": {
                    "total": 5.8473184,
                    "count": 1,
                    "self": 5.8473184
                },
                "TrainerController.advance": {
                    "total": 2452.541419000005,
                    "count": 33690,
                    "self": 0.5596309000216024,
                    "children": {
                        "env_step": {
                            "total": 290.00752410001024,
                            "count": 33690,
                            "self": 139.93447379998588,
                            "children": {
                                "SubprocessEnvManager._take_step": {
                                    "total": 149.7029754000294,
                                    "count": 33690,
                                    "self": 1.6329448000219031,
                                    "children": {
                                        "TorchPolicy.evaluate": {
                                            "total": 148.0700306000075,
                                            "count": 33353,
                                            "self": 48.12248260001758,
                                            "children": {
                                                "TorchPolicy.sample_actions": {
                                                    "total": 99.94754799998992,