{
    "name": "root",
    "gauges": {
        "PPO_CarAgent6.Policy.Entropy.mean": {
            "value": 2.933466911315918,
            "min": 2.933466911315918,
            "max": 4.962160110473633,
            "count": 30
        },
        "PPO_CarAgent6.Policy.Entropy.sum": {
            "value": 146368.265625,
            "min": 146368.265625,
            "max": 248753.078125,
            "count": 30
        },
        "PPO_CarAgent6.Step.mean": {
            "value": 1499967.0,
            "min": 49938.0,
            "max": 1499967.0,
            "count": 30
        },
        "PPO_CarAgent6.Step.sum": {
            "value": 1499967.0,
            "min": 49938.0,
            "max": 1499967.0,
            "count": 30
        },
        "PPO_CarAgent6.Policy.ExtrinsicValueEstimate.mean": {
            "value": 103.69437408447266,
            "min": 1.3013917207717896,
            "max": 105.18685150146484,
            "count": 30
        },
        "PPO_CarAgent6.Policy.ExtrinsicValueEstimate.sum": {
            "value": 83473.96875,
            "min": 1038.5106201171875,
            "max": 84465.0390625,
            "count": 30
        },
        "PPO_CarAgent6.Environment.EpisodeLength.mean": {
            "value": 724.4,
            "min": 679.9142857142857,
            "max": 749.0,
            "count": 30
        },
        "PPO_CarAgent6.Environment.EpisodeLength.sum": {
            "value": 50708.0,
            "min": 46637.0,
            "max": 53928.0,
            "count": 30
        },
        "PPO_CarAgent6.Environment.CumulativeReward.mean": {
            "value": 781.1184320994786,
            "min": 177.75416872047242,
            "max": 808.427918975033,
            "count": 30
        },
        "PPO_CarAgent6.Environment.CumulativeReward.sum": {
            "value": 54678.2902469635,
            "min": 11198.512629389763,
            "max": 55374.28624916077,
            "count": 30
        },
        "PPO_CarAgent6.Policy.ExtrinsicReward.mean": {
            "value": 781.1184320994786,
            "min": 177.75416872047242,
            "max": 808.427918975033,
            "count": 30
        },
        "PPO_CarAgent6.Policy.ExtrinsicReward.sum": {
            "value": 54678.2902469635,
            "min": 11198.512629389763,
            "max": 55374.28624916077,
            "count": 30
        },
        "PPO_CarAgent6.Losses.PolicyLoss.mean": {
            "value": 0.025598441131781634,
            "min": 0.021498465492954383,
            "max": 0.028361261397367343,
            "count": 30
        },
        "PPO_CarAgent6.Losses.PolicyLoss.sum": {
            "value": 0.05119688226356327,
            "min": 0.04416996774137563,
            "max": 0.07890613960529057,
            "count": 30
        },
        "PPO_CarAgent6.Losses.ValueLoss.mean": {
            "value": 23.108272035916645,
            "min": 5.028725532690684,
            "max": 360.72268992265066,
            "count": 30
        },
        "PPO_CarAgent6.Losses.ValueLoss.sum": {
            "value": 46.21654407183329,
            "min": 10.057451065381368,
            "max": 721.4453798453013,
            "count": 30
        },
        "PPO_CarAgent6.Policy.LearningRate.mean": {
            "value": 5.880798039766668e-06,
            "min": 5.880798039766668e-06,
            "max": 0.00029375220208259983,
            "count": 30
        },
        "PPO_CarAgent6.Policy.LearningRate.sum": {
            "value": 1.1761596079533336e-05,
            "min": 1.1761596079533336e-05,
            "max": 0.0008250264249911998,
            "count": 30
        },
        "PPO_CarAgent6.Policy.Epsilon.mean": {
            "value": 0.10196023333333334,
            "min": 0.10196023333333334,
            "max": 0.19791739999999997,
            "count": 30
        },
        "PPO_CarAgent6.Policy.Epsilon.sum": {
            "value": 0.2039204666666667,
            "min": 0.2039204666666667,
            "max": 0.5750088,
            "count": 30
        },
        "PPO_CarAgent6.Policy.Beta.mean": {
            "value": 0.00010781564333333337,
            "min": 0.00010781564333333337,
            "max": 0.004896078260000001,
            "count": 30
        },
        "PPO_CarAgent6.Policy.Beta.sum": {
            "value": 0.00021563128666666673,
            "min": 0.00021563128666666673,
            "max": 0.013752939120000002,
            "count": 30
        },
        "PPO_CarAgent6.IsTraining.mean": {
            "value": 1.0,
            "min": 1.0,
            "max": 1.0,
            "count": 30
        },
        "PPO_CarAgent6.IsTraining.sum": {
            "value": 1.0,
            "min": 1.0,
            "max": 1.0,
            "count": 30
        }
    },
    "metadata": {
        "timer_format_version": "0.1.0",
        "start_time_seconds": "1643062368",
        "python_version": "3.6.13 |Anaconda, Inc.| (default, Mar 16 2021, 11:37:27) [MSC v.1916 64 bit (AMD64)]",
        "command_line_arguments": "C:\\Users\\alexc\\anaconda3\\envs\\mlagent_release_18\\Scripts\\mlagents-learn config/PPO/PPO_CarAgent6.yaml --run-id=PPO_CarAgent6_test1 --env=builds/PPO_CarAgent6",
        "mlagents_version": "0.27.0",
        "mlagents_envs_version": "0.27.0",
        "communication_protocol_version": "1.5.0",
        "pytorch_version": "1.7.1+cu110",
        "numpy_version": "1.19.5",
        "end_time_seconds": "1643064669"
    },
    "total": 2300.9124167,
    "count": 1,
    "self": 0.9395042999999532,
    "children": {
        "run_training.setup": {
            "total": 0.2208562,
            "count": 1,
            "self": 0.2208562
        },
        "TrainerController.start_learning": {
            "total": 2299.7520562,
            "count": 1,
            "self": 3.5124941999833936,
            "children": {
                "TrainerController._reset_env": {
                    "total": 17.0814242,
                    "count": 1,
                    "self": 17.0814242
                },
                "TrainerController.advance": {
                    "total": 2279.043070300016,
                    "count": 168381,
                    "self": 3.2285462999948322,
                    "children": {
                        "env_step": {
                            "total": 1742.909448900026,
                            "count": 168381,
                            "self": 777.6521279000566,
                            "children": {
                                "SubprocessEnvManager._take_step": {
                                    "total": 963.1781619000278,
                                    "count": 168381,
                                    "self": 10.744021600060478,
                                    "children": {
                                        "TorchPolicy.evaluate": {
                                            "total": 952.4341402999673,
                                            "count": 166683,
                                            "self": 369.03499389999547,
                                            "children": {
                                                "TorchPolicy.sample_actions": {
                                                    "total": 583.3991463999719,
                                                    "count": 166683,
                                                    "self": 583.3991463999719
                                                }
                                            }
                                        }
                                    }
                                },
                                "workers": {
                                    "total": 2.0791590999416023,
                                    "count": 168381,
                                    "self": 0.0,
                                    "children": {
                                        "worker_root": {
                                            "total": 2280.0082298000034,