{
    "name": "root",
    "gauges": {
        "CarAgent3.Policy.Entropy.mean": {
            "value": 1.1793081760406494,
            "min": 0.9680085778236389,
            "max": 5.748181343078613,
            "count": 38
        },
        "CarAgent3.Policy.Entropy.sum": {
            "value": 35096.2109375,
            "min": 29427.4609375,
            "max": 176584.125,
            "count": 38
        },
        "CarAgent3.Step.mean": {
            "value": 1139997.0,
            "min": 29952.0,
            "max": 1139997.0,
            "count": 38
        },
        "CarAgent3.Step.sum": {
            "value": 1139997.0,
            "min": 29952.0,
            "max": 1139997.0,
            "count": 38
        },
        "CarAgent3.Policy.ExtrinsicValueEstimate.mean": {
            "value": -0.00022314944362733513,
            "min": -126.05413818359375,
            "max": -0.00015675966278649867,
            "count": 38
        },
        "CarAgent3.Policy.ExtrinsicValueEstimate.sum": {
            "value": -0.10778117924928665,
            "min": -61010.203125,
            "max": -0.07587167620658875,
            "count": 38
        },
        "CarAgent3.Losses.PolicyLoss.mean": {
            "value": 0.03294667696714492,
            "min": 0.029918162419044447,
            "max": 0.039108980030016595,
            "count": 38
        },
        "CarAgent3.Losses.PolicyLoss.sum": {
            "value": 0.09884003090143476,
            "min": 0.059952087787678465,
            "max": 0.11732694009004979,
            "count": 38
        },
        "CarAgent3.Losses.ValueLoss.mean": {
            "value": 2.0888028017128513e-09,
            "min": 1.0064623188878032e-09,
            "max": 2355.649546767726,
            "count": 38
        },
        "CarAgent3.Losses.ValueLoss.sum": {
            "value": 6.266408405138554e-09,
            "min": 3.0193869566634094e-09,
            "max": 4711.299093535452,
            "count": 38
        },
        "CarAgent3.Policy.LearningRate.mean": {
            "value": 1.796584401141667e-05,
            "min": 1.796584401141667e-05,
            "max": 0.000295776001408,
            "count": 38
        },
        "CarAgent3.Policy.LearningRate.sum": {
            "value": 5.3897532034250005e-05,
            "min": 5.3897532034250005e-05,
            "max": 0.0008666880111040001,
            "count": 38
        },
        "CarAgent3.Policy.Epsilon.mean": {
            "value": 0.10598858333333334,
            "min": 0.10598858333333334,
            "max": 0.198592,
            "count": 38
        },
        "CarAgent3.Policy.Epsilon.sum": {
            "value": 0.31796575000000005,
            "min": 0.2524811666666667,
            "max": 0.5888960000000001,
            "count": 38
        },
        "CarAgent3.Policy.Beta.mean": {
            "value": 3.934405833333334e-05,
            "min": 3.934405833333334e-05,
            "max": 0.0004931008000000001,
            "count": 38
        },
        "CarAgent3.Policy.Beta.sum": {
            "value": 0.00011803217500000003,
            "min": 0.00011803217500000003,
            "max": 0.0014455904000000002,
            "count": 38
        },
        "CarAgent3.IsTraining.mean": {
            "value": 1.0,
            "min": 1.0,
            "max": 1.0,
            "count": 38
        },
        "CarAgent3.IsTraining.sum": {
            "value": 1.0,
            "min": 1.0,
            "max": 1.0,
            "count": 38
        },
        "CarAgent3.Environment.EpisodeLength.mean": {
            "value": 2499.0,
            "min": 2404.0,
            "max": 2499.0,
            "count": 36
        },
        "CarAgent3.Environment.EpisodeLength.sum": {
            "value": 37485.0,
            "min": 4998.0,
            "max": 40868.0,
            "count": 36
        },
        "CarAgent3.Environment.CumulativeReward.mean": {
            "value": 0.0,
            "min": -5563.0,
            "max": 0.0,
            "count": 37
        },
        "CarAgent3.Environment.CumulativeReward.sum": {
            "value": 0.0,
            "min": -89008.0,
            "max": 0.0,
            "count": 37
        },
        "CarAgent3.Policy.ExtrinsicReward.mean": {
            "value": 0.0,
            "min": -5563.0,
            "max": 0.0,
            "count": 37
        },
        "CarAgent3.Policy.ExtrinsicReward.sum": {
            "value": 0.0,
            "min": -89008.0,
            "max": 0.0,
            "count": 37
        }
    },
    "metadata": {
        "timer_format_version": "0.1.0",
        "start_time_seconds": "1642094216",
        "python_version": "3.6.13 |Anaconda, Inc.| (default, Mar 16 2021, 11:37:27) [MSC v.1916 64 bit (AMD64)]",
        "command_line_arguments": "C:\\Users\\alexc\\anaconda3\\envs\\unity_ml_full\\Scripts\\mlagents-learn config/CarAgent3raycast.yaml --run-id=CarAgent3_2 --force --env=builds\\CarAgent3",
        "mlagents_version": "0.27.0",
        "mlagents_envs_version": "0.27.0",
        "communication_protocol_version": "1.5.0",
        "pytorch_version": "1.7.1+cu110",
        "numpy_version": "1.19.5",
        "end_time_seconds": "1642095462"
    },
    "total": 1245.9267313999999,
    "count": 1,
    "self": 0.8348728999999366,
    "children": {
        "run_training.setup": {
            "total": 0.105793,
            "count": 1,
            "self": 0.105793
        },
        "TrainerController.start_learning": {
            "total": 1244.9860655,
            "count": 1,
            "self": 1.4302511000080358,
            "children": {
                "TrainerController._reset_env": {
                    "total": 7.073448399999999,
                    "count": 1,
                    "self": 7.073448399999999
                },
                "TrainerController.advance": {
                    "total": 1236.386117799992,
                    "count": 73214,
                    "self": 1.346798699975352,
                    "children": {
                        "env_step": {
                            "total": 815.7552136000112,
                            "count": 73214,
                            "self": 415.49853740001845,
                            "children": {
                                "SubprocessEnvManager._take_step": {
                                    "total": 399.3904868999814,
                                    "count": 73214,
                                    "self": 4.481261099993674,
                                    "children": {
                                        "TorchPolicy.evaluate": {
                                            "total": 394.9092257999877,
                                            "count": 73139,
                                            "self": 146.81510039997465,
                                            "children": {
                                                "TorchPolicy.sample_actions": {
                                                    "total": 248.09412540001307,
                                                    "count": 73139,
                                                    "self": 248.09412540001307
                                                }
                                            }
                                        }
                                    }
                                },
                                "workers": {
                                    "total": 0.8661893000113157,
                                    "count": 73213,
                                    "self": 0.0,
                                    "children": {
                                        "worker_root": {
                                            "total": 1237.4524149999772,
                                            "count": 73213,
                                            "is_parallel": true,
                                            "self": 914.9044682999893,