{
    "name": "root",
    "gauges": {
        "PPO_6_5.Policy.Entropy.mean": {
            "value": 2.903122901916504,
            "min": 2.890349864959717,
            "max": 4.862521648406982,
            "count": 30
        },
        "PPO_6_5.Policy.Entropy.sum": {
            "value": 144801.96875,
            "min": 144659.125,
            "max": 243758.21875,
            "count": 30
        },
        "PPO_6_5.Step.mean": {
            "value": 1499947.0,
            "min": 49938.0,
            "max": 1499947.0,
            "count": 30
        },
        "PPO_6_5.Step.sum": {
            "value": 1499947.0,
            "min": 49938.0,
            "max": 1499947.0,
            "count": 30
        },
        "PPO_6_5.Policy.ExtrinsicValueEstimate.mean": {
            "value": 98.60209655761719,
            "min": 1.3595517873764038,
            "max": 104.61731719970703,
            "count": 30
        },
        "PPO_6_5.Policy.ExtrinsicValueEstimate.sum": {
            "value": 79769.09375,
            "min": 1084.92236328125,
            "max": 84216.9375,
            "count": 30
        },
        "PPO_6_5.Environment.EpisodeLength.mean": {
            "value": 663.0,
            "min": 642.5324675324675,
            "max": 749.0,
            "count": 30
        },
        "PPO_6_5.Environment.EpisodeLength.sum": {
            "value": 51051.0,
            "min": 47187.0,
            "max": 52616.0,
            "count": 30
        },
        "PPO_6_5.Environment.CumulativeReward.mean": {
            "value": 708.6830201582475,
            "min": 76.71475817523306,
            "max": 787.5076521546093,
            "count": 30
        },
        "PPO_6_5.Environment.CumulativeReward.sum": {
            "value": 54568.59255218506,
            "min": 4833.029765039682,
            "max": 54694.122787475586,
            "count": 30
        },
        "PPO_6_5.Policy.ExtrinsicReward.mean": {
            "value": 708.6830201582475,
            "min": 76.71475817523306,
            "max": 787.5076521546093,
            "count": 30
        },
        "PPO_6_5.Policy.ExtrinsicReward.sum": {
            "value": 54568.59255218506,
            "min": 4833.029765039682,
            "max": 54694.122787475586,
            "count": 30
        },
        "PPO_6_5.Losses.PolicyLoss.mean": {
            "value": 0.04592434974954813,
            "min": 0.04457202052881864,
            "max": 0.05217487418797343,
            "count": 30
        },
        "PPO_6_5.Losses.PolicyLoss.sum": {
            "value": 0.22962174874774063,
            "min": 0.19018008611325773,
            "max": 0.26087437093986715,
            "count": 30
        },
        "PPO_6_5.Losses.ValueLoss.mean": {
            "value": 43.303368479410814,
            "min": 2.6004174527529362,
            "max": 232.07192380538896,
            "count": 30
        },
        "PPO_6_5.Losses.ValueLoss.sum": {
            "value": 216.51684239705406,
            "min": 10.401669811011745,
            "max": 1160.3596190269448,
            "count": 30
        },
        "PPO_6_5.Policy.LearningRate.mean": {
            "value": 5.265738244786669e-06,
            "min": 5.265738244786669e-06,
            "max": 0.0002946414017862,
            "count": 30
        },
        "PPO_6_5.Policy.LearningRate.sum": {
            "value": 2.6328691223933346e-05,
            "min": 2.6328691223933346e-05,
            "max": 0.0014251092249635998,
            "count": 30
        },
        "PPO_6_5.Policy.Epsilon.mean": {
            "value": 0.10175521333333334,
            "min": 0.10175521333333334,
            "max": 0.19821380000000005,
            "count": 30
        },
        "PPO_6_5.Policy.Epsilon.sum": {
            "value": 0.5087760666666667,
            "min": 0.446724,
            "max": 0.9750363999999999,
            "count": 30
        },
        "PPO_6_5.Policy.Beta.mean": {
            "value": 9.75851453333334e-05,
            "min": 9.75851453333334e-05,
            "max": 0.00491086862,
            "count": 30
        },
        "PPO_6_5.Policy.Beta.sum": {
            "value": 0.000487925726666667,
            "min": 0.000487925726666667,
            "max": 0.023754316360000003,
            "count": 30
        },
        "PPO_6_5.IsTraining.mean": {
            "value": 1.0,
            "min": 1.0,
            "max": 1.0,
            "count": 30
        },
        "PPO_6_5.IsTraining.sum": {
            "value": 1.0,
            "min": 1.0,
            "max": 1.0,
            "count": 30
        }
    },
    "metadata": {
        "timer_format_version": "0.1.0",
        "start_time_seconds": "1643276181",
        "python_version": "3.6.13 |Anaconda, Inc.| (default, Mar 16 2021, 11:37:27) [MSC v.1916 64 bit (AMD64)]",
        "command_line_arguments": "C:\\Users\\alexc\\anaconda3\\envs\\mlagent_release_18\\Scripts\\mlagents-learn config/PPO/PPO_CarAgent6_default.yaml --run-id=PPO_6_5_testVelocity_2 --env=builds/PPO_CarAgent6",
        "mlagents_version": "0.27.0",
        "mlagents_envs_version": "0.27.0",
        "communication_protocol_version": "1.5.0",
        "pytorch_version": "1.7.1+cu110",
        "numpy_version": "1.19.5",
        "end_time_seconds": "1643278159"
    },
    "total": 1977.5296753999999,
    "count": 1,
    "self": 0.7325840999997126,
    "children": {
        "run_training.setup": {
            "total": 0.2325108,
            "count": 1,
            "self": 0.2325108
        },
        "TrainerController.start_learning": {
            "total": 1976.5645805000001,
            "count": 1,
            "self": 2.824736099936217,
            "children": {
                "TrainerController._reset_env": {
                    "total": 23.9897564,
                    "count": 1,
                    "self": 23.9897564
                },
                "TrainerController.advance": {
                    "total": 1949.6617982000641,
                    "count": 168666,
                    "self": 2.707273899981601,
                    "children": {
                        "env_step": {
                            "total": 1345.088866900027,
                            "count": 168666,
                            "self": 675.688504800016,
                            "children": {
                                "SubprocessEnvManager._take_step": {
                                    "total": 667.6638003999576,
                                    "count": 168666,
                                    "self": 7.360907099960627,
                                    "children": {
                                        "TorchPolicy.evaluate": {
                                            "total": 660.302893299997,
                                            "count": 166687,
                                            "self": 194.3750253999865,
                                            "children": {
                                                "TorchPolicy.sample_actions": {
                                                    "total": 465.9278679000105,
                                                    "count": 166687,
                                                    "self": 465.9278679000105
                                                }
                                            }
                                        }
                                    }
                                },
                                "workers": {
                                    "total": 1.7365617000533398,
                                    "count": 168666,
                                    "self": 0.0,
                                    "children": {
                                        "worker_root": {
                                            "total": 1965.4652421000137,
                                            "count": 168666,
                                            "is_parallel": true,