{
    "name": "root",
    "gauges": {
        "PPO_CarAgent6.Policy.Entropy.mean": {
            "value": 2.9137892723083496,
            "min": 2.848698139190674,
            "max": 4.588575839996338,
            "count": 30
        },
        "PPO_CarAgent6.Policy.Entropy.sum": {
            "value": 145832.234375,
            "min": 142036.09375,
            "max": 230025.3125,
            "count": 30
        },
        "PPO_CarAgent6.Step.mean": {
            "value": 1499989.0,
            "min": 49938.0,
            "max": 1499989.0,
            "count": 30
        },
        "PPO_CarAgent6.Step.sum": {
            "value": 1499989.0,
            "min": 49938.0,
            "max": 1499989.0,
            "count": 30
        },
        "PPO_CarAgent6.Policy.ExtrinsicValueEstimate.mean": {
            "value": 100.02117919921875,
            "min": 16.054067611694336,
            "max": 104.97074890136719,
            "count": 30
        },
        "PPO_CarAgent6.Policy.ExtrinsicValueEstimate.sum": {
            "value": 80517.046875,
            "min": 12811.146484375,
            "max": 84396.484375,
            "count": 30
        },
        "PPO_CarAgent6.Losses.PolicyLoss.mean": {
            "value": 0.04673628052526813,
            "min": 0.044885308659286235,
            "max": 0.050916187839690485,
            "count": 30
        },
        "PPO_CarAgent6.Losses.PolicyLoss.sum": {
            "value": 0.4673628052526813,
            "min": 0.40396777793357613,
            "max": 0.5091618783969049,
            "count": 30
        },
        "PPO_CarAgent6.Losses.ValueLoss.mean": {
            "value": 83.73135722796123,
            "min": 10.267984480832618,
            "max": 455.0560550880432,
            "count": 30
        },
        "PPO_CarAgent6.Losses.ValueLoss.sum": {
            "value": 837.3135722796122,
            "min": 92.41186032749357,
            "max": 4550.560550880432,
            "count": 30
        },
        "PPO_CarAgent6.Policy.LearningRate.mean": {
            "value": 4.880198373300002e-06,
            "min": 4.880198373300002e-06,
            "max": 0.0002945216018261333,
            "count": 30
        },
        "PPO_CarAgent6.Policy.LearningRate.sum": {
            "value": 4.8801983733000024e-05,
            "min": 4.8801983733000024e-05,
            "max": 0.002748318283893933,
            "count": 30
        },
        "PPO_CarAgent6.Policy.Epsilon.mean": {
            "value": 0.1016267,
            "min": 0.1016267,
            "max": 0.1981738666666667,
            "count": 30
        },
        "PPO_CarAgent6.Policy.Epsilon.sum": {
            "value": 1.016267,
            "min": 0.9748051333333335,
            "max": 1.916106066666667,
            "count": 30
        },
        "PPO_CarAgent6.Policy.Beta.mean": {
            "value": 9.117233000000005e-05,
            "min": 9.117233000000005e-05,
            "max": 0.004908875946666666,
            "count": 30
        },
        "PPO_CarAgent6.Policy.Beta.sum": {
            "value": 0.0009117233000000005,
            "min": 0.0009117233000000005,
            "max": 0.04581369272666666,
            "count": 30
        },
        "PPO_CarAgent6.Environment.EpisodeLength.mean": {
            "value": 694.1764705882352,
            "min": 690.0675675675676,
            "max": 749.0,
            "count": 30
        },
        "PPO_CarAgent6.Environment.EpisodeLength.sum": {
            "value": 47204.0,
            "min": 47187.0,
            "max": 51872.0,
            "count": 30
        },
        "PPO_CarAgent6.Environment.CumulativeReward.mean": {
            "value": 735.0146243291742,
            "min": 395.32597168513706,
            "max": 798.567007373361,
            "count": 30
        },
        "PPO_CarAgent6.Environment.CumulativeReward.sum": {
            "value": 49980.99445438385,
            "min": 24911.51236963272,
            "max": 55305.92734050751,
            "count": 30
        },
        "PPO_CarAgent6.Policy.ExtrinsicReward.mean": {
            "value": 735.0146243291742,
            "min": 395.32597168513706,
            "max": 798.567007373361,
            "count": 30
        },
        "PPO_CarAgent6.Policy.ExtrinsicReward.sum": {
            "value": 49980.99445438385,
            "min": 24911.51236963272,
            "max": 55305.92734050751,
            "count": 30
        },
        "PPO_CarAgent6.IsTraining.mean": {
            "value": 1.0,
            "min": 1.0,
            "max": 1.0,
            "count": 30
        },
        "PPO_CarAgent6.IsTraining.sum": {
            "value": 1.0,
            "min": 1.0,
            "max": 1.0,
            "count": 30
        }
    },
    "metadata": {
        "timer_format_version": "0.1.0",
        "start_time_seconds": "1643107892",
        "python_version": "3.6.13 |Anaconda, Inc.| (default, Mar 16 2021, 11:37:27) [MSC v.1916 64 bit (AMD64)]",
        "command_line_arguments": "C:\\Users\\alexc\\anaconda3\\envs\\mlagent_release_18\\Scripts\\mlagents-learn config/PPO/PPO_CarAgent6_5_test3.yaml --run-id=PPO_CarAgent6_5_test3 --env=builds/PPO_CarAgent6",
        "mlagents_version": "0.27.0",
        "mlagents_envs_version": "0.27.0",
        "communication_protocol_version": "1.5.0",
        "pytorch_version": "1.7.1+cu110",
        "numpy_version": "1.19.5",
        "end_time_seconds": "1643110336"
    },
    "total": 2444.2958193,
    "count": 1,
    "self": 0.29444599999987986,
    "children": {
        "run_training.setup": {
            "total": 0.0890221,
            "count": 1,
            "self": 0.0890221
        },
        "TrainerController.start_learning": {
            "total": 2443.9123512,
            "count": 1,
            "self": 3.6377208999592767,
            "children": {
                "TrainerController._reset_env": {
                    "total": 6.022050200000001,
                    "count": 1,
                    "self": 6.022050200000001
                },
                "TrainerController.advance": {
                    "total": 2434.151913500041,
                    "count": 168628,
                    "self": 3.2798933001022306,
                    "children": {
                        "env_step": {
                            "total": 1719.5214790999655,
                            "count": 168628,
                            "self": 781.0363055000416,
                            "children": {
                                "SubprocessEnvManager._take_step": {
                                    "total": 936.29639439995,
                                    "count": 168628,
                                    "self": 11.067586099927098,
                                    "children": {
                                        "TorchPolicy.evaluate": {
                                            "total": 925.2288083000229,
                                            "count": 166700,
                                            "self": 344.7538031000099,
                                            "children": {
                                                "TorchPolicy.sample_actions": {
                                                    "total": 580.475005200013,
                                                    "count": 166700,
                                                    "self": 580.475005200013
                                                }
                                            }
                                        }
                                    }
                                },
                                "workers": {
                                    "total": 2.1887791999738697,
                                    "count": 168628,
                                    "self": 0.0,
                                    "children": {
                                        "worker_root": {
                                            "total": 2435.4710288000238,