{
    "name": "root",
    "gauges": {
        "SAC_CarAgent6.Policy.Entropy.mean": {
            "value": 1.1483708620071411,
            "min": 0.8986107707023621,
            "max": 4.154557704925537,
            "count": 50
        },
        "SAC_CarAgent6.Policy.Entropy.sum": {
            "value": 11337.865234375,
            "min": 8969.705078125,
            "max": 42401.41796875,
            "count": 50
        },
        "SAC_CarAgent6.Step.mean": {
            "value": 499961.0,
            "min": 9945.0,
            "max": 499961.0,
            "count": 50
        },
        "SAC_CarAgent6.Step.sum": {
            "value": 499961.0,
            "min": 9945.0,
            "max": 499961.0,
            "count": 50
        },
        "SAC_CarAgent6.Policy.ExtrinsicValue.mean": {
            "value": 19.708885192871094,
            "min": 2.2407264709472656,
            "max": 19.80430793762207,
            "count": 50
        },
        "SAC_CarAgent6.Policy.ExtrinsicValue.sum": {
            "value": 3192.83935546875,
            "min": 360.7569580078125,
            "max": 3418.4638671875,
            "count": 50
        },
        "SAC_CarAgent6.Losses.PolicyLoss.mean": {
            "value": -57.689881025223514,
            "min": -59.088795134845256,
            "max": -8.035871616741048,
            "count": 50
        },
        "SAC_CarAgent6.Losses.PolicyLoss.sum": {
            "value": -28844.940512611756,
            "min": -29662.575157692318,
            "max": -3535.7835113660612,
            "count": 50
        },
        "SAC_CarAgent6.Losses.ValueLoss.mean": {
            "value": 0.019339092583366715,
            "min": 0.0015352114441381946,
            "max": 0.15089233432279567,
            "count": 50
        },
        "SAC_CarAgent6.Losses.ValueLoss.sum": {
            "value": 9.669546291683357,
            "min": 0.7783522021780647,
            "max": 74.99349015842945,
            "count": 50
        },
        "SAC_CarAgent6.Losses.Q1Loss.mean": {
            "value": 0.2486941107144047,
            "min": 0.08176902830696665,
            "max": 1.345655164644272,
            "count": 50
        },
        "SAC_CarAgent6.Losses.Q1Loss.sum": {
            "value": 124.34705535720235,
            "min": 41.456897351632094,
            "max": 668.7906168282032,
            "count": 50
        },
        "SAC_CarAgent6.Losses.Q2Loss.mean": {
            "value": 0.249984499642519,
            "min": 0.08075203394234708,
            "max": 1.3147190382585818,
            "count": 50
        },
        "SAC_CarAgent6.Losses.Q2Loss.sum": {
            "value": 124.9922498212595,
            "min": 40.941281208769965,
            "max": 653.4153620145152,
            "count": 50
        },
        "SAC_CarAgent6.Policy.DiscreteEntropyCoeff.mean": {
            "value": 0.14271391676714024,
            "min": 0.12928868611852018,
            "max": 0.4777254772684119,
            "count": 50
        },
        "SAC_CarAgent6.Policy.DiscreteEntropyCoeff.sum": {
            "value": 71.35695838357012,
            "min": 64.51505437314157,
            "max": 226.14045791972487,
            "count": 50
        },
        "SAC_CarAgent6.Policy.ContinuousEntropyCoeff.mean": {
            "value": 0.5,
            "min": 0.5,
            "max": 0.5,
            "count": 50
        },
        "SAC_CarAgent6.Policy.ContinuousEntropyCoeff.sum": {
            "value": 250.0,
            "min": 220.0,
            "max": 253.5,
            "count": 50
        },
        "SAC_CarAgent6.Policy.LearningRate.mean": {
            "value": 0.0003,
            "min": 0.0003,
            "max": 0.00030000000000000003,
            "count": 50
        },
        "SAC_CarAgent6.Policy.LearningRate.sum": {
            "value": 0.15,
            "min": 0.132,
            "max": 0.15209999999999999,
            "count": 50
        },
        "SAC_CarAgent6.Environment.EpisodeLength.mean": {
            "value": 521.15,
            "min": 110.01282051282051,
            "max": 596.4117647058823,
            "count": 50
        },
        "SAC_CarAgent6.Environment.EpisodeLength.sum": {
            "value": 10423.0,
            "min": 7772.0,
            "max": 12480.0,
            "count": 50
        },
        "SAC_CarAgent6.Environment.CumulativeReward.mean": {
            "value": 526.3863347053527,
            "min": 68.94850821134656,
            "max": 526.3863347053527,
            "count": 50
        },
        "SAC_CarAgent6.Environment.CumulativeReward.sum": {
            "value": 10527.726694107056,
            "min": 4728.939833164215,
            "max": 11040.267675876617,
            "count": 50
        },
        "SAC_CarAgent6.Policy.ExtrinsicReward.mean": {
            "value": 526.3863347053527,
            "min": 68.94850821134656,
            "max": 526.3863347053527,
            "count": 50
        },
        "SAC_CarAgent6.Policy.ExtrinsicReward.sum": {
            "value": 10527.726694107056,
            "min": 4728.939833164215,
            "max": 11040.267675876617,
            "count": 50
        },
        "SAC_CarAgent6.IsTraining.mean": {
            "value": 1.0,
            "min": 1.0,
            "max": 1.0,
            "count": 50
        },
        "SAC_CarAgent6.IsTraining.sum": {
            "value": 1.0,
            "min": 1.0,
            "max": 1.0,
            "count": 50
        }
    },
    "metadata": {
        "timer_format_version": "0.1.0",
        "start_time_seconds": "1643038877",
        "python_version": "3.6.13 |Anaconda, Inc.| (default, Mar 16 2021, 11:37:27) [MSC v.1916 64 bit (AMD64)]",
        "command_line_arguments": "C:\\Users\\alexc\\anaconda3\\envs\\mlagent_release_18\\Scripts\\mlagents-learn config/SAC_CarAgent6_test6.yaml --run-id=SAC_CarAgent6_test6 --env=builds/SAC_CarAgent6",
        "mlagents_version": "0.27.0",
        "mlagents_envs_version": "0.27.0",
        "communication_protocol_version": "1.5.0",
        "pytorch_version": "1.7.1+cu110",
        "numpy_version": "1.19.5",
        "end_time_seconds": "1643040468"
    },
    "total": 1590.5385175,
    "count": 1,
    "self": 0.2149435999999696,
    "children": {
        "run_training.setup": {
            "total": 0.0816185,
            "count": 1,
            "self": 0.0816185
        },
        "TrainerController.start_learning": {
            "total": 1590.2419553999998,
            "count": 1,
            "self": 1.0282352999884097,
            "children": {
                "TrainerController._reset_env": {
                    "total": 5.6116365,
                    "count": 1,
                    "self": 5.6116365
                },
                "TrainerController.advance": {
                    "total": 1583.5057124000114,
                    "count": 56324,
                    "self": 0.8930252000018299,
                    "children": {
                        "env_step": {
                            "total": 451.70853240001077,
                            "count": 56324,
                            "self": 234.29398119998444,
                            "children": {
                                "SubprocessEnvManager._take_step": {
                                    "total": 216.82308890001036,
                                    "count": 56324,
                                    "self": 2.5268695000211494,
                                    "children": {
                                        "TorchPolicy.evaluate": {
                                            "total": 214.2962193999892,
                                            "count": 55581,
                                            "self": 60.585569000026254,
                                            "children": {
                                                "TorchPolicy.sample_actions": {
                                                    "total": 153.71065039996296,
                                                    "count": 55581,