{
    "name": "root",
    "gauges": {
        "CarAgent4.Policy.Entropy.mean": {
            "value": 2.824836254119873,
            "min": 2.574934244155884,
            "max": 5.242047309875488,
            "count": 34
        },
        "CarAgent4.Policy.Entropy.sum": {
            "value": 84685.765625,
            "min": 77335.578125,
            "max": 157261.421875,
            "count": 34
        },
        "CarAgent4.Step.mean": {
            "value": 1019960.0,
            "min": 29960.0,
            "max": 1019960.0,
            "count": 34
        },
        "CarAgent4.Step.sum": {
            "value": 1019960.0,
            "min": 29960.0,
            "max": 1019960.0,
            "count": 34
        },
        "CarAgent4.Policy.ExtrinsicValueEstimate.mean": {
            "value": 96.84746551513672,
            "min": -67.6352310180664,
            "max": 135.28863525390625,
            "count": 34
        },
        "CarAgent4.Policy.ExtrinsicValueEstimate.sum": {
            "value": 46486.78515625,
            "min": -32464.912109375,
            "max": 65073.8359375,
            "count": 34
        },
        "CarAgent4.Environment.EpisodeLength.mean": {
            "value": 953.6774193548387,
            "min": 390.3157894736842,
            "max": 999.0,
            "count": 34
        },
        "CarAgent4.Environment.EpisodeLength.sum": {
            "value": 29564.0,
            "min": 29336.0,
            "max": 30604.0,
            "count": 34
        },
        "CarAgent4.Environment.CumulativeReward.mean": {
            "value": 768.800029081683,
            "min": -1093.5362476480418,
            "max": 1211.2959908536964,
            "count": 34
        },
        "CarAgent4.Environment.CumulativeReward.sum": {
            "value": 23832.800901532173,
            "min": -31712.551181793213,
            "max": 44817.95166158676,
            "count": 34
        },
        "CarAgent4.Policy.ExtrinsicReward.mean": {
            "value": 768.800029081683,
            "min": -1093.5362476480418,
            "max": 1211.2959908536964,
            "count": 34
        },
        "CarAgent4.Policy.ExtrinsicReward.sum": {
            "value": 23832.800901532173,
            "min": -31712.551181793213,
            "max": 44817.95166158676,
            "count": 34
        },
        "CarAgent4.Losses.PolicyLoss.mean": {
            "value": 0.04989581762290779,
            "min": 0.04532228222939618,
            "max": 0.05515226621814185,
            "count": 34
        },
        "CarAgent4.Losses.PolicyLoss.sum": {
            "value": 0.14968745286872337,
            "min": 0.09218904932088966,
            "max": 0.16545679865442556,
            "count": 34
        },
        "CarAgent4.Losses.ValueLoss.mean": {
            "value": 1141.5802157931857,
            "min": 21.734259976281063,
            "max": 2373.720149061415,
            "count": 34
        },
        "CarAgent4.Losses.ValueLoss.sum": {
            "value": 3424.7406473795572,
            "min": 65.20277992884319,
            "max": 7121.160447184246,
            "count": 34
        },
        "CarAgent4.Policy.LearningRate.mean": {
            "value": 9.871120042962221e-05,
            "min": 9.871120042962221e-05,
            "max": 0.00029692320102559996,
            "count": 34
        },
        "CarAgent4.Policy.LearningRate.sum": {
            "value": 0.00029613360128886664,
            "min": 0.0002939609020130667,
            "max": 0.0008753696082101333,
            "count": 34
        },
        "CarAgent4.Policy.Epsilon.mean": {
            "value": 0.1329037111111111,
            "min": 0.1329037111111111,
            "max": 0.1989744,
            "count": 34
        },
        "CarAgent4.Policy.Epsilon.sum": {
            "value": 0.3987111333333333,
            "min": 0.29798693333333337,
            "max": 0.5917898666666666,
            "count": 34
        },
        "CarAgent4.Policy.Beta.mean": {
            "value": 0.00017122818444444444,
            "min": 0.00017122818444444444,
            "max": 0.00049497456,
            "count": 34
        },
        "CarAgent4.Policy.Beta.sum": {
            "value": 0.0005136845533333333,
            "min": 0.0005001359733333333,
            "max": 0.0014597703466666665,
            "count": 34
        },
        "CarAgent4.IsTraining.mean": {
            "value": 1.0,
            "min": 1.0,
            "max": 1.0,
            "count": 34
        },
        "CarAgent4.IsTraining.sum": {
            "value": 1.0,
            "min": 1.0,
            "max": 1.0,
            "count": 34
        }
    },
    "metadata": {
        "timer_format_version": "0.1.0",
        "start_time_seconds": "1642257389",
        "python_version": "3.6.13 |Anaconda, Inc.| (default, Mar 16 2021, 11:37:27) [MSC v.1916 64 bit (AMD64)]",
        "command_line_arguments": "C:\\Users\\alexc\\anaconda3\\envs\\unity_ml_full\\Scripts\\mlagents-learn config/CarAgent4.yaml --run-id=CarAgent4_2 --env=builds/CarAgent4_parking",
        "mlagents_version": "0.27.0",
        "mlagents_envs_version": "0.27.0",
        "communication_protocol_version": "1.5.0",
        "pytorch_version": "1.7.1+cu110",
        "numpy_version": "1.19.5",
        "end_time_seconds": "1642266704"
    },
    "total": 9314.9336979,
    "count": 1,
    "self": 0.00621089999913238,
    "children": {
        "run_training.setup": {
            "total": 0.09736489999999999,
            "count": 1,
            "self": 0.09736489999999999
        },
        "TrainerController.start_learning": {
            "total": 9314.8301221,
            "count": 1,
            "self": 31.139604100086217,
            "children": {
                "TrainerController._reset_env": {
                    "total": 6.9755004,
                    "count": 1,
                    "self": 6.9755004
                },
                "TrainerController.advance": {
                    "total": 9276.610122399916,
                    "count": 1050528,
                    "self": 17.3186424996984,
                    "children": {
                        "env_step": {
                            "total": 8739.45421869988,
                            "count": 1050528,
                            "self": 3026.8331244994943,
                            "children": {
                                "SubprocessEnvManager._take_step": {
                                    "total": 5700.16096079997,
                                    "count": 1050528,
                                    "self": 54.88103830039381,
                                    "children": {
                                        "TorchPolicy.evaluate": {
                                            "total": 5645.279922499576,
                                            "count": 1049273,
                                            "self": 2150.4352173992393,
                                            "children": {
                                                "TorchPolicy.sample_actions": {
                                                    "total": 3494.844705100337,
                                                    "count": 1049273,
                                                    "self": 3494.844705100337
                                                }
                                            }
                                        }
                                    }
                                },
                                "workers": {
                                    "total": 12.460133400416721,
                                    "count": 1050527,
                                    "self": 0.0,
                                    "children": {
                                        "worker_root": {
                                            "total": 9276.006753100084,
                                            "count": 1050527,