{
    "name": "root",
    "gauges": {
        "PPO_CarAgent6.Policy.Entropy.mean": {
            "value": 2.931645154953003,
            "min": 2.9280900955200195,
            "max": 4.95328426361084,
            "count": 30
        },
        "PPO_CarAgent6.Policy.Entropy.sum": {
            "value": 146356.515625,
            "min": 146356.515625,
            "max": 248308.140625,
            "count": 30
        },
        "PPO_CarAgent6.Step.mean": {
            "value": 1499955.0,
            "min": 49938.0,
            "max": 1499955.0,
            "count": 30
        },
        "PPO_CarAgent6.Step.sum": {
            "value": 1499955.0,
            "min": 49938.0,
            "max": 1499955.0,
            "count": 30
        },
        "PPO_CarAgent6.Policy.ExtrinsicValueEstimate.mean": {
            "value": 105.03286743164062,
            "min": 1.5280088186264038,
            "max": 105.48550415039062,
            "count": 30
        },
        "PPO_CarAgent6.Policy.ExtrinsicValueEstimate.sum": {
            "value": 84131.328125,
            "min": 1219.35107421875,
            "max": 84599.375,
            "count": 30
        },
        "PPO_CarAgent6.Environment.EpisodeLength.mean": {
            "value": 728.8970588235294,
            "min": 700.931506849315,
            "max": 749.0,
            "count": 30
        },
        "PPO_CarAgent6.Environment.EpisodeLength.sum": {
            "value": 49565.0,
            "min": 46929.0,
            "max": 53928.0,
            "count": 30
        },
        "PPO_CarAgent6.Environment.CumulativeReward.mean": {
            "value": 795.2676448110324,
            "min": 198.79702594828984,
            "max": 808.0150542403712,
            "count": 30
        },
        "PPO_CarAgent6.Environment.CumulativeReward.sum": {
            "value": 53282.93220233917,
            "min": 12524.21263474226,
            "max": 55960.25407600403,
            "count": 30
        },
        "PPO_CarAgent6.Policy.ExtrinsicReward.mean": {
            "value": 795.2676448110324,
            "min": 198.79702594828984,
            "max": 808.0150542403712,
            "count": 30
        },
        "PPO_CarAgent6.Policy.ExtrinsicReward.sum": {
            "value": 53282.93220233917,
            "min": 12524.21263474226,
            "max": 55960.25407600403,
            "count": 30
        },
        "PPO_CarAgent6.Losses.PolicyLoss.mean": {
            "value": 0.052294502646236654,
            "min": 0.04445030448217342,
            "max": 0.053160506039075475,
            "count": 30
        },
        "PPO_CarAgent6.Losses.PolicyLoss.sum": {
            "value": 0.10458900529247331,
            "min": 0.08890060896434684,
            "max": 0.1535443844278234,
            "count": 30
        },
        "PPO_CarAgent6.Losses.ValueLoss.mean": {
            "value": 22.021966820458573,
            "min": 4.384113561469341,
            "max": 419.40059472719827,
            "count": 30
        },
        "PPO_CarAgent6.Losses.ValueLoss.sum": {
            "value": 44.043933640917146,
            "min": 8.768227122938683,
            "max": 838.8011894543965,
            "count": 30
        },
        "PPO_CarAgent6.Policy.LearningRate.mean": {
            "value": 5.924698025133341e-06,
            "min": 5.924698025133341e-06,
            "max": 0.00029375220208260005,
            "count": 30
        },
        "PPO_CarAgent6.Policy.LearningRate.sum": {
            "value": 1.1849396050266682e-05,
            "min": 1.1849396050266682e-05,
            "max": 0.0008250264249912,
            "count": 30
        },
        "PPO_CarAgent6.Policy.Epsilon.mean": {
            "value": 0.1019748666666667,
            "min": 0.1019748666666667,
            "max": 0.19791739999999997,
            "count": 30
        },
        "PPO_CarAgent6.Policy.Epsilon.sum": {
            "value": 0.2039497333333334,
            "min": 0.2039497333333334,
            "max": 0.5750088,
            "count": 30
        },
        "PPO_CarAgent6.Policy.Beta.mean": {
            "value": 0.00010854584666666683,
            "min": 0.00010854584666666683,
            "max": 0.00489607826,
            "count": 30
        },
        "PPO_CarAgent6.Policy.Beta.sum": {
            "value": 0.00021709169333333366,
            "min": 0.00021709169333333366,
            "max": 0.013752939119999997,
            "count": 30
        },
        "PPO_CarAgent6.IsTraining.mean": {
            "value": 1.0,
            "min": 1.0,
            "max": 1.0,
            "count": 30
        },
        "PPO_CarAgent6.IsTraining.sum": {
            "value": 1.0,
            "min": 1.0,
            "max": 1.0,
            "count": 30
        }
    },
    "metadata": {
        "timer_format_version": "0.1.0",
        "start_time_seconds": "1643101800",
        "python_version": "3.6.13 |Anaconda, Inc.| (default, Mar 16 2021, 11:37:27) [MSC v.1916 64 bit (AMD64)]",
        "command_line_arguments": "C:\\Users\\alexc\\anaconda3\\envs\\mlagent_release_18\\Scripts\\mlagents-learn config/PPO/PPO_CarAgent6.yaml --run-id=PPO_CarAgent6_5_test1 --env=builds/PPO_CarAgent6",
        "mlagents_version": "0.27.0",
        "mlagents_envs_version": "0.27.0",
        "communication_protocol_version": "1.5.0",
        "pytorch_version": "1.7.1+cu110",
        "numpy_version": "1.19.5",
        "end_time_seconds": "1643104138"
    },
    "total": 2338.1320731,
    "count": 1,
    "self": 1.563081400000101,
    "children": {
        "run_training.setup": {
            "total": 0.3318936,
            "count": 1,
            "self": 0.3318936
        },
        "TrainerController.start_learning": {
            "total": 2336.2370981,
            "count": 1,
            "self": 3.4512074999647666,
            "children": {
                "TrainerController._reset_env": {
                    "total": 22.7313045,
                    "count": 1,
                    "self": 22.7313045
                },
                "TrainerController.advance": {
                    "total": 2309.9565807000354,
                    "count": 168423,
                    "self": 3.044399899945347,
                    "children": {
                        "env_step": {
                            "total": 1635.9443791000288,
                            "count": 168423,
                            "self": 774.1843740000343,
                            "children": {
                                "SubprocessEnvManager._take_step": {
                                    "total": 859.7251107000025,
                                    "count": 168423,
                                    "self": 10.253439199980903,
                                    "children": {
                                        "TorchPolicy.evaluate": {
                                            "total": 849.4716715000216,
                                            "count": 166695,
                                            "self": 297.9122239000361,
                                            "children": {
                                                "TorchPolicy.sample_actions": {
                                                    "total": 551.5594475999854,
                                                    "count": 166695,
                                                    "self": 551.5594475999854
                                                }
                                            }
                                        }
                                    }
                                },
                                "workers": {
                                    "total": 2.0348943999920763,
                                    "count": 168423,
                                    "self": 0.0,
                                    "children": {
                                        "worker_root": {
                                            "total": 2317.9120310000408,