{
    "name": "root",
    "gauges": {
        "CarAgent5_3.Policy.Entropy.mean": {
            "value": 4.019063949584961,
            "min": 3.9788339138031006,
            "max": 4.954548358917236,
            "count": 25
        },
        "CarAgent5_3.Policy.Entropy.sum": {
            "value": 242301.328125,
            "min": 239875.9375,
            "max": 298699.8125,
            "count": 25
        },
        "CarAgent5_3.Step.mean": {
            "value": 1499968.0,
            "min": 59968.0,
            "max": 1499968.0,
            "count": 25
        },
        "CarAgent5_3.Step.sum": {
            "value": 1499968.0,
            "min": 59968.0,
            "max": 1499968.0,
            "count": 25
        },
        "CarAgent5_3.Policy.ExtrinsicValueEstimate.mean": {
            "value": -9.854399681091309,
            "min": -26.312671661376953,
            "max": -9.196133613586426,
            "count": 25
        },
        "CarAgent5_3.Policy.ExtrinsicValueEstimate.sum": {
            "value": -9420.8056640625,
            "min": -25365.416015625,
            "max": -8791.50390625,
            "count": 25
        },
        "CarAgent5_3.Losses.PolicyLoss.mean": {
            "value": 0.03232725970299707,
            "min": 0.03179189323619916,
            "max": 0.03716571197059826,
            "count": 25
        },
        "CarAgent5_3.Losses.PolicyLoss.sum": {
            "value": 0.19396355821798242,
            "min": 0.16038283575166354,
            "max": 0.22299427182358955,
            "count": 25
        },
        "CarAgent5_3.Losses.ValueLoss.mean": {
            "value": 0.01328229070970356,
            "min": 0.009110452501677127,
            "max": 67.663221919657,
            "count": 25
        },
        "CarAgent5_3.Losses.ValueLoss.sum": {
            "value": 0.07969374425822136,
            "min": 0.05466271501006276,
            "max": 405.97933151794206,
            "count": 25
        },
        "CarAgent5_3.Policy.LearningRate.mean": {
            "value": 8.320097920000001e-06,
            "min": 8.320097920000001e-06,
            "max": 0.00039111168222208,
            "count": 25
        },
        "CarAgent5_3.Policy.LearningRate.sum": {
            "value": 4.992058752000001e-05,
            "min": 4.992058752000001e-05,
            "max": 0.0021619200595200004,
            "count": 25
        },
        "CarAgent5_3.Policy.Epsilon.mean": {
            "value": 0.10208,
            "min": 0.10208,
            "max": 0.19777792,
            "count": 25
        },
        "CarAgent5_3.Policy.Epsilon.sum": {
            "value": 0.61248,
            "min": 0.5305770666666667,
            "max": 1.1404800000000002,
            "count": 25
        },
        "CarAgent5_3.Policy.Beta.mean": {
            "value": 0.00011379200000000004,
            "min": 0.00011379200000000004,
            "max": 0.004889118208,
            "count": 25
        },
        "CarAgent5_3.Policy.Beta.sum": {
            "value": 0.0006827520000000002,
            "min": 0.0006827520000000002,
            "max": 0.027029951999999996,
            "count": 25
        },
        "CarAgent5_3.Environment.EpisodeLength.mean": {
            "value": 1499.0,
            "min": 1499.0,
            "max": 1499.0,
            "count": 25
        },
        "CarAgent5_3.Environment.EpisodeLength.sum": {
            "value": 47968.0,
            "min": 47968.0,
            "max": 71952.0,
            "count": 25
        },
        "CarAgent5_3.Environment.CumulativeReward.mean": {
            "value": -144.90001312169161,
            "min": -699.2124925330281,
            "max": -144.90001306635267,
            "count": 25
        },
        "CarAgent5_3.Environment.CumulativeReward.sum": {
            "value": -4781.700433015823,
            "min": -22374.7997610569,
            "max": -4781.700433015823,
            "count": 25
        },
        "CarAgent5_3.Policy.ExtrinsicReward.mean": {
            "value": -144.90001312169161,
            "min": -699.2124925330281,
            "max": -144.90001306635267,
            "count": 25
        },
        "CarAgent5_3.Policy.ExtrinsicReward.sum": {
            "value": -4781.700433015823,
            "min": -22374.7997610569,
            "max": -4781.700433015823,
            "count": 25
        },
        "CarAgent5_3.IsTraining.mean": {
            "value": 1.0,
            "min": 1.0,
            "max": 1.0,
            "count": 25
        },
        "CarAgent5_3.IsTraining.sum": {
            "value": 1.0,
            "min": 1.0,
            "max": 1.0,
            "count": 25
        }
    },
    "metadata": {
        "timer_format_version": "0.1.0",
        "start_time_seconds": "1642435438",
        "python_version": "3.6.13 |Anaconda, Inc.| (default, Mar 16 2021, 11:37:27) [MSC v.1916 64 bit (AMD64)]",
        "command_line_arguments": "C:\\Users\\alexc\\anaconda3\\envs\\unity_ml_full\\Scripts\\mlagents-learn config/CarAgent5.yaml --run-id=CarAgent5_3_2 --env=builds/CarAgent5_center --force",
        "mlagents_version": "0.27.0",
        "mlagents_envs_version": "0.27.0",
        "communication_protocol_version": "1.5.0",
        "pytorch_version": "1.7.1+cu110",
        "numpy_version": "1.19.5",
        "end_time_seconds": "1642436838"
    },
    "total": 1400.0563852,
    "count": 1,
    "self": 0.22536590000004253,
    "children": {
        "run_training.setup": {
            "total": 0.1024834,
            "count": 1,
            "self": 0.1024834
        },
        "TrainerController.start_learning": {
            "total": 1399.7285359,
            "count": 1,
            "self": 1.613600000014685,
            "children": {
                "TrainerController._reset_env": {
                    "total": 5.960842700000001,
                    "count": 1,
                    "self": 5.960842700000001
                },
                "TrainerController.advance": {
                    "total": 1392.0647867999853,
                    "count": 93768,
                    "self": 1.5313092999729179,
                    "children": {
                        "env_step": {
                            "total": 906.0017735000224,
                            "count": 93768,
                            "self": 530.9452237999997,
                            "children": {
                                "SubprocessEnvManager._take_step": {
                                    "total": 374.0364630000124,
                                    "count": 93768,
                                    "self": 4.537159000047836,
                                    "children": {
                                        "TorchPolicy.evaluate": {
                                            "total": 369.4993039999646,
                                            "count": 93768,
                                            "self": 108.21577779998086,
                                            "children": {
                                                "TorchPolicy.sample_actions": {
                                                    "total": 261.2835261999837,
                                                    "count": 93768,
                                                    "self": 261.2835261999837
                                                }
                                            }
                                        }
                                    }
                                },
                                "workers": {
                                    "total": 1.0200867000103289,
                                    "count": 93768,
                                    "self": 0.0,
                                    "children": {
                                        "worker_root": {
                                            "total": 1392.7812744999871,
                                            "count": 93768,