{
    "name": "root",
    "gauges": {
        "PPO_6_5.Policy.Entropy.mean": {
            "value": 3.0296683311462402,
            "min": 3.0246517658233643,
            "max": 4.866545677185059,
            "count": 30
        },
        "PPO_6_5.Policy.Entropy.sum": {
            "value": 151713.671875,
            "min": 151408.015625,
            "max": 243959.9375,
            "count": 30
        },
        "PPO_6_5.Step.mean": {
            "value": 1499941.0,
            "min": 49938.0,
            "max": 1499941.0,
            "count": 30
        },
        "PPO_6_5.Step.sum": {
            "value": 1499941.0,
            "min": 49938.0,
            "max": 1499941.0,
            "count": 30
        },
        "PPO_6_5.Policy.ExtrinsicValueEstimate.mean": {
            "value": 101.58277130126953,
            "min": 1.5822893381118774,
            "max": 104.41239166259766,
            "count": 30
        },
        "PPO_6_5.Policy.ExtrinsicValueEstimate.sum": {
            "value": 81672.546875,
            "min": 1262.6668701171875,
            "max": 83947.5625,
            "count": 30
        },
        "PPO_6_5.Environment.EpisodeLength.mean": {
            "value": 720.5072463768116,
            "min": 669.6052631578947,
            "max": 749.0,
            "count": 30
        },
        "PPO_6_5.Environment.EpisodeLength.sum": {
            "value": 49715.0,
            "min": 47187.0,
            "max": 51990.0,
            "count": 30
        },
        "PPO_6_5.Environment.CumulativeReward.mean": {
            "value": 762.3935203206712,
            "min": 77.13380629108066,
            "max": 797.0181946974534,
            "count": 30
        },
        "PPO_6_5.Environment.CumulativeReward.sum": {
            "value": 52605.15290212631,
            "min": 4859.429796338081,
            "max": 54398.372507572174,
            "count": 30
        },
        "PPO_6_5.Policy.ExtrinsicReward.mean": {
            "value": 762.3935203206712,
            "min": 77.13380629108066,
            "max": 797.0181946974534,
            "count": 30
        },
        "PPO_6_5.Policy.ExtrinsicReward.sum": {
            "value": 52605.15290212631,
            "min": 4859.429796338081,
            "max": 54398.372507572174,
            "count": 30
        },
        "PPO_6_5.Losses.PolicyLoss.mean": {
            "value": 0.04988664115266146,
            "min": 0.0464776519118944,
            "max": 0.052930323458955784,
            "count": 30
        },
        "PPO_6_5.Losses.PolicyLoss.sum": {
            "value": 0.24943320576330733,
            "min": 0.19023882209310916,
            "max": 0.26465161729477893,
            "count": 30
        },
        "PPO_6_5.Losses.ValueLoss.mean": {
            "value": 27.414256831407545,
            "min": 2.554603305929768,
            "max": 126.86912907391797,
            "count": 30
        },
        "PPO_6_5.Losses.ValueLoss.sum": {
            "value": 137.07128415703772,
            "min": 10.218413223719072,
            "max": 634.3456453695899,
            "count": 30
        },
        "PPO_6_5.Policy.LearningRate.mean": {
            "value": 5.205378264906671e-06,
            "min": 5.205378264906671e-06,
            "max": 0.0002946414017862,
            "count": 30
        },
        "PPO_6_5.Policy.LearningRate.sum": {
            "value": 2.6026891324533354e-05,
            "min": 2.6026891324533354e-05,
            "max": 0.0014251092249635998,
            "count": 30
        },
        "PPO_6_5.Policy.Epsilon.mean": {
            "value": 0.10173509333333335,
            "min": 0.10173509333333335,
            "max": 0.19821380000000005,
            "count": 30
        },
        "PPO_6_5.Policy.Epsilon.sum": {
            "value": 0.5086754666666667,
            "min": 0.44665940000000004,
            "max": 0.9750363999999999,
            "count": 30
        },
        "PPO_6_5.Policy.Beta.mean": {
            "value": 9.658115733333344e-05,
            "min": 9.658115733333344e-05,
            "max": 0.00491086862,
            "count": 30
        },
        "PPO_6_5.Policy.Beta.sum": {
            "value": 0.00048290578666666724,
            "min": 0.00048290578666666724,
            "max": 0.023754316360000003,
            "count": 30
        },
        "PPO_6_5.IsTraining.mean": {
            "value": 1.0,
            "min": 1.0,
            "max": 1.0,
            "count": 30
        },
        "PPO_6_5.IsTraining.sum": {
            "value": 1.0,
            "min": 1.0,
            "max": 1.0,
            "count": 30
        }
    },
    "metadata": {
        "timer_format_version": "0.1.0",
        "start_time_seconds": "1643279526",
        "python_version": "3.6.13 |Anaconda, Inc.| (default, Mar 16 2021, 11:37:27) [MSC v.1916 64 bit (AMD64)]",
        "command_line_arguments": "C:\\Users\\alexc\\anaconda3\\envs\\mlagent_release_18\\Scripts\\mlagents-learn config/PPO/PPO_CarAgent6_default.yaml --run-id=PPO_6_5_testCheckpointAngle_1 --env=builds/PPO_CarAgent6",
        "mlagents_version": "0.27.0",
        "mlagents_envs_version": "0.27.0",
        "communication_protocol_version": "1.5.0",
        "pytorch_version": "1.7.1+cu110",
        "numpy_version": "1.19.5",
        "end_time_seconds": "1643281559"
    },
    "total": 2032.7609512,
    "count": 1,
    "self": 0.5235125999997763,
    "children": {
        "run_training.setup": {
            "total": 0.0838675,
            "count": 1,
            "self": 0.0838675
        },
        "TrainerController.start_learning": {
            "total": 2032.1535711000001,
            "count": 1,
            "self": 3.0479231000126674,
            "children": {
                "TrainerController._reset_env": {
                    "total": 7.7332595,
                    "count": 1,
                    "self": 7.7332595
                },
                "TrainerController.advance": {
                    "total": 2021.2627035999876,
                    "count": 168607,
                    "self": 2.805455000057691,
                    "children": {
                        "env_step": {
                            "total": 1398.6339895999447,
                            "count": 168607,
                            "self": 704.6658176999174,
                            "children": {
                                "SubprocessEnvManager._take_step": {
                                    "total": 692.1097469000217,
                                    "count": 168607,
                                    "self": 7.730090199997676,
                                    "children": {
                                        "TorchPolicy.evaluate": {
                                            "total": 684.379656700024,
                                            "count": 166696,
                                            "self": 204.20108700004323,
                                            "children": {
                                                "TorchPolicy.sample_actions": {
                                                    "total": 480.1785696999808,
                                                    "count": 166696,
                                                    "self": 480.1785696999808
                                                }
                                            }
                                        }
                                    }
                                },
                                "workers": {
                                    "total": 1.8584250000055285,
                                    "count": 168607,
                                    "self": 0.0,
                                    "children": {
                                        "worker_root": {
                                            "total": 2021.9798054999933,
                                            "count": 168607,
                                            "is_parallel": true,