{
    "name": "root",
    "gauges": {
        "PPO_CarAgent6.Policy.Entropy.mean": {
            "value": 3.078991413116455,
            "min": 3.0042049884796143,
            "max": 4.872929573059082,
            "count": 30
        },
        "PPO_CarAgent6.Policy.Entropy.sum": {
            "value": 153740.203125,
            "min": 150114.109375,
            "max": 244279.96875,
            "count": 30
        },
        "PPO_CarAgent6.Step.mean": {
            "value": 1499948.0,
            "min": 49938.0,
            "max": 1499948.0,
            "count": 30
        },
        "PPO_CarAgent6.Step.sum": {
            "value": 1499948.0,
            "min": 49938.0,
            "max": 1499948.0,
            "count": 30
        },
        "PPO_CarAgent6.Policy.ExtrinsicValueEstimate.mean": {
            "value": 106.10691833496094,
            "min": 4.741959095001221,
            "max": 108.92378997802734,
            "count": 30
        },
        "PPO_CarAgent6.Policy.ExtrinsicValueEstimate.sum": {
            "value": 85097.75,
            "min": 3784.08349609375,
            "max": 87139.03125,
            "count": 30
        },
        "PPO_CarAgent6.Environment.EpisodeLength.mean": {
            "value": 717.0694444444445,
            "min": 664.5263157894736,
            "max": 749.0,
            "count": 30
        },
        "PPO_CarAgent6.Environment.EpisodeLength.sum": {
            "value": 51629.0,
            "min": 47187.0,
            "max": 52249.0,
            "count": 30
        },
        "PPO_CarAgent6.Environment.CumulativeReward.mean": {
            "value": 773.1502668327755,
            "min": 261.37480285054164,
            "max": 815.9947521546308,
            "count": 30
        },
        "PPO_CarAgent6.Environment.CumulativeReward.sum": {
            "value": 55666.81921195984,
            "min": 16466.61257958412,
            "max": 55666.81921195984,
            "count": 30
        },
        "PPO_CarAgent6.Policy.ExtrinsicReward.mean": {
            "value": 773.1502668327755,
            "min": 261.37480285054164,
            "max": 815.9947521546308,
            "count": 30
        },
        "PPO_CarAgent6.Policy.ExtrinsicReward.sum": {
            "value": 55666.81921195984,
            "min": 16466.61257958412,
            "max": 55666.81921195984,
            "count": 30
        },
        "PPO_CarAgent6.Losses.PolicyLoss.mean": {
            "value": 0.03627583662064353,
            "min": 0.03231913379077014,
            "max": 0.03632591508852783,
            "count": 30
        },
        "PPO_CarAgent6.Losses.PolicyLoss.sum": {
            "value": 0.18137918310321766,
            "min": 0.13325316910728968,
            "max": 0.18162957544263916,
            "count": 30
        },
        "PPO_CarAgent6.Losses.ValueLoss.mean": {
            "value": 38.49614760756493,
            "min": 7.785205968022346,
            "max": 449.46778101603195,
            "count": 30
        },
        "PPO_CarAgent6.Losses.ValueLoss.sum": {
            "value": 192.48073803782464,
            "min": 31.72134521669812,
            "max": 2247.3389050801597,
            "count": 30
        },
        "PPO_CarAgent6.Policy.LearningRate.mean": {
            "value": 5.1496182834933325e-06,
            "min": 5.1496182834933325e-06,
            "max": 0.00029464140178619996,
            "count": 30
        },
        "PPO_CarAgent6.Policy.LearningRate.sum": {
            "value": 2.5748091417466663e-05,
            "min": 2.5748091417466663e-05,
            "max": 0.0014251092249636004,
            "count": 30
        },
        "PPO_CarAgent6.Policy.Epsilon.mean": {
            "value": 0.10171650666666665,
            "min": 0.10171650666666665,
            "max": 0.19821380000000002,
            "count": 30
        },
        "PPO_CarAgent6.Policy.Epsilon.sum": {
            "value": 0.5085825333333333,
            "min": 0.44659746666666666,
            "max": 0.9750364,
            "count": 30
        },
        "PPO_CarAgent6.Policy.Beta.mean": {
            "value": 9.565368266666663e-05,
            "min": 9.565368266666663e-05,
            "max": 0.004910868620000001,
            "count": 30
        },
        "PPO_CarAgent6.Policy.Beta.sum": {
            "value": 0.00047826841333333317,
            "min": 0.00047826841333333317,
            "max": 0.02375431636,
            "count": 30
        },
        "PPO_CarAgent6.IsTraining.mean": {
            "value": 1.0,
            "min": 1.0,
            "max": 1.0,
            "count": 30
        },
        "PPO_CarAgent6.IsTraining.sum": {
            "value": 1.0,
            "min": 1.0,
            "max": 1.0,
            "count": 30
        }
    },
    "metadata": {
        "timer_format_version": "0.1.0",
        "start_time_seconds": "1642872900",
        "python_version": "3.6.13 |Anaconda, Inc.| (default, Mar 16 2021, 11:37:27) [MSC v.1916 64 bit (AMD64)]",
        "command_line_arguments": "C:\\Users\\alexc\\anaconda3\\envs\\mlagent_release_18\\Scripts\\mlagents-learn config/PPO_CarAgent6_n64.yaml --run-id=PPO_CarAgent6_4_n64 --env=builds/PPO_CarAgent6",
        "mlagents_version": "0.27.0",
        "mlagents_envs_version": "0.27.0",
        "communication_protocol_version": "1.5.0",
        "pytorch_version": "1.7.1+cu110",
        "numpy_version": "1.19.5",
        "end_time_seconds": "1642874781"
    },
    "total": 1881.2434443,
    "count": 1,
    "self": 0.26005480000003445,
    "children": {
        "run_training.setup": {
            "total": 0.1085608,
            "count": 1,
            "self": 0.1085608
        },
        "TrainerController.start_learning": {
            "total": 1880.8748286999999,
            "count": 1,
            "self": 2.97065040000075,
            "children": {
                "TrainerController._reset_env": {
                    "total": 7.444655,
                    "count": 1,
                    "self": 7.444655
                },
                "TrainerController.advance": {
                    "total": 1870.354367499999,
                    "count": 168511,
                    "self": 2.6343071999860967,
                    "children": {
                        "env_step": {
                            "total": 1349.1395172000325,
                            "count": 168511,
                            "self": 709.7632321000461,
                            "children": {
                                "SubprocessEnvManager._take_step": {
                                    "total": 637.5288839999661,
                                    "count": 168511,
                                    "self": 8.08976899998845,
                                    "children": {
                                        "TorchPolicy.evaluate": {
                                            "total": 629.4391149999776,
                                            "count": 166696,
                                            "self": 171.11776299997445,
                                            "children": {
                                                "TorchPolicy.sample_actions": {
                                                    "total": 458.3213520000032,
                                                    "count": 166696,
                                                    "self": 458.3213520000032
                                                }
                                            }
                                        }
                                    }
                                },
                                "workers": {
                                    "total": 1.8474011000203063,
                                    "count": 168511,
                                    "self": 0.0,
                                    "children": {
                                        "worker_root": {
                                            "total": 1870.8183191999476,