{
    "name": "root",
    "gauges": {
        "SAC_CarAgent6.Policy.Entropy.mean": {
            "value": 1.1520097255706787,
            "min": 1.0120757818222046,
            "max": 4.061593532562256,
            "count": 50
        },
        "SAC_CarAgent6.Policy.Entropy.sum": {
            "value": 11570.78515625,
            "min": 10037.4345703125,
            "max": 41452.625,
            "count": 50
        },
        "SAC_CarAgent6.Step.mean": {
            "value": 499963.0,
            "min": 9950.0,
            "max": 499963.0,
            "count": 50
        },
        "SAC_CarAgent6.Step.sum": {
            "value": 499963.0,
            "min": 9950.0,
            "max": 499963.0,
            "count": 50
        },
        "SAC_CarAgent6.Policy.ExtrinsicValue.mean": {
            "value": 21.68450927734375,
            "min": 3.2314772605895996,
            "max": 22.087879180908203,
            "count": 50
        },
        "SAC_CarAgent6.Policy.ExtrinsicValue.sum": {
            "value": 3491.2060546875,
            "min": 510.5733947753906,
            "max": 3556.1484375,
            "count": 50
        },
        "SAC_CarAgent6.Losses.PolicyLoss.mean": {
            "value": -61.041437323370154,
            "min": -65.11583176043344,
            "max": -10.418112973840723,
            "count": 50
        },
        "SAC_CarAgent6.Losses.PolicyLoss.sum": {
            "value": -61163.52019801689,
            "min": -65180.947592193865,
            "max": -8980.413383450703,
            "count": 50
        },
        "SAC_CarAgent6.Losses.ValueLoss.mean": {
            "value": 0.017991870463715136,
            "min": 0.0024082889535568678,
            "max": 0.02910087039581834,
            "count": 50
        },
        "SAC_CarAgent6.Losses.ValueLoss.sum": {
            "value": 18.027854204642566,
            "min": 2.408288953556868,
            "max": 29.12997126621416,
            "count": 50
        },
        "SAC_CarAgent6.Losses.Q1Loss.mean": {
            "value": 0.16116669873773004,
            "min": 0.025472664370814455,
            "max": 0.2612034830160606,
            "count": 50
        },
        "SAC_CarAgent6.Losses.Q1Loss.sum": {
            "value": 161.4890321352055,
            "min": 25.5490823639269,
            "max": 261.9870934651088,
            "count": 50
        },
        "SAC_CarAgent6.Losses.Q2Loss.mean": {
            "value": 0.16763234898134016,
            "min": 0.026185695388085177,
            "max": 0.2608996234578208,
            "count": 50
        },
        "SAC_CarAgent6.Losses.Q2Loss.sum": {
            "value": 167.96761367930284,
            "min": 26.26425247424943,
            "max": 261.6823223281943,
            "count": 50
        },
        "SAC_CarAgent6.Policy.DiscreteEntropyCoeff.mean": {
            "value": 0.0668286708400122,
            "min": 0.05168640725893736,
            "max": 0.4622827499084405,
            "count": 50
        },
        "SAC_CarAgent6.Policy.DiscreteEntropyCoeff.sum": {
            "value": 66.96232818169223,
            "min": 51.7380936661963,
            "max": 427.1237265817883,
            "count": 50
        },
        "SAC_CarAgent6.Policy.ContinuousEntropyCoeff.mean": {
            "value": 0.5,
            "min": 0.5,
            "max": 0.5,
            "count": 50
        },
        "SAC_CarAgent6.Policy.ContinuousEntropyCoeff.sum": {
            "value": 501.0,
            "min": 431.0,
            "max": 511.5,
            "count": 50
        },
        "SAC_CarAgent6.Policy.LearningRate.mean": {
            "value": 0.0003,
            "min": 0.0002999999999999999,
            "max": 0.00030000000000000003,
            "count": 50
        },
        "SAC_CarAgent6.Policy.LearningRate.sum": {
            "value": 0.3006,
            "min": 0.2586,
            "max": 0.3069,
            "count": 50
        },
        "SAC_CarAgent6.Environment.EpisodeLength.mean": {
            "value": 716.1176470588235,
            "min": 618.5625,
            "max": 749.0,
            "count": 50
        },
        "SAC_CarAgent6.Environment.EpisodeLength.sum": {
            "value": 12174.0,
            "min": 6716.0,
            "max": 13203.0,
            "count": 50
        },
        "SAC_CarAgent6.Environment.CumulativeReward.mean": {
            "value": 779.6779780668371,
            "min": 480.6343133714464,
            "max": 819.7663732675405,
            "count": 50
        },
        "SAC_CarAgent6.Environment.CumulativeReward.sum": {
            "value": 13254.52562713623,
            "min": 4325.708820343018,
            "max": 13254.52562713623,
            "count": 50
        },
        "SAC_CarAgent6.Policy.ExtrinsicReward.mean": {
            "value": 779.6779780668371,
            "min": 480.6343133714464,
            "max": 819.7663732675405,
            "count": 50
        },
        "SAC_CarAgent6.Policy.ExtrinsicReward.sum": {
            "value": 13254.52562713623,
            "min": 4325.708820343018,
            "max": 13254.52562713623,
            "count": 50
        },
        "SAC_CarAgent6.IsTraining.mean": {
            "value": 1.0,
            "min": 1.0,
            "max": 1.0,
            "count": 50
        },
        "SAC_CarAgent6.IsTraining.sum": {
            "value": 1.0,
            "min": 1.0,
            "max": 1.0,
            "count": 50
        }
    },
    "metadata": {
        "timer_format_version": "0.1.0",
        "start_time_seconds": "1643029904",
        "python_version": "3.6.13 |Anaconda, Inc.| (default, Mar 16 2021, 11:37:27) [MSC v.1916 64 bit (AMD64)]",
        "command_line_arguments": "C:\\Users\\alexc\\anaconda3\\envs\\mlagent_release_18\\Scripts\\mlagents-learn config/SAC_CarAgent6_test2.yaml --run-id=SAC_CarAgent6_test2 --env=builds/SAC_CarAgent6",
        "mlagents_version": "0.27.0",
        "mlagents_envs_version": "0.27.0",
        "communication_protocol_version": "1.5.0",
        "pytorch_version": "1.7.1+cu110",
        "numpy_version": "1.19.5",
        "end_time_seconds": "1643032711"
    },
    "total": 2807.0177639000003,
    "count": 1,
    "self": 0.27791270000034274,
    "children": {
        "run_training.setup": {
            "total": 0.10137629999999999,
            "count": 1,
            "self": 0.10137629999999999
        },
        "TrainerController.start_learning": {
            "total": 2806.6384749,
            "count": 1,
            "self": 1.067047700022158,
            "children": {
                "TrainerController._reset_env": {
                    "total": 6.7745147,
                    "count": 1,
                    "self": 6.7745147
                },
                "TrainerController.advance": {
                    "total": 2798.7079109999777,
                    "count": 56172,
                    "self": 0.8956934000243564,
                    "children": {
                        "env_step": {
                            "total": 466.02823249999017,
                            "count": 56172,
                            "self": 234.9977601000161,
                            "children": {
                                "SubprocessEnvManager._take_step": {
                                    "total": 230.42102390001406,
                                    "count": 56172,
                                    "self": 2.7119817999953852,
                                    "children": {
                                        "TorchPolicy.evaluate": {
                                            "total": 227.70904210001868,
                                            "count": 55583,
                                            "self": 68.10549810002487,
                                            "children": {
                                                "TorchPolicy.sample_actions": {
                                                    "total": 159.6035439999938,
                                                    "count": 55583,