{
    "name": "root",
    "gauges": {
        "CarAgent5_1.Policy.Entropy.mean": {
            "value": 2.316991090774536,
            "min": 0.971798837184906,
            "max": 2.316991090774536,
            "count": 7
        },
        "CarAgent5_1.Policy.Entropy.sum": {
            "value": 139130.6875,
            "min": 58587.80859375,
            "max": 139130.6875,
            "count": 7
        },
        "CarAgent5_1.Step.mean": {
            "value": 419995.0,
            "min": 59968.0,
            "max": 419995.0,
            "count": 7
        },
        "CarAgent5_1.Step.sum": {
            "value": 419995.0,
            "min": 59968.0,
            "max": 419995.0,
            "count": 7
        },
        "CarAgent5_1.Policy.ExtrinsicValueEstimate.mean": {
            "value": -1.1294419765472412,
            "min": -13.241141319274902,
            "max": -1.1251158714294434,
            "count": 7
        },
        "CarAgent5_1.Policy.ExtrinsicValueEstimate.sum": {
            "value": -1069.58154296875,
            "min": -12433.431640625,
            "max": -1058.7340087890625,
            "count": 7
        },
        "CarAgent5_1.Losses.PolicyLoss.mean": {
            "value": 0.03408081701483232,
            "min": 0.031539447823044485,
            "max": 0.03798518576268691,
            "count": 7
        },
        "CarAgent5_1.Losses.PolicyLoss.sum": {
            "value": 0.20448490208899395,
            "min": 0.15769723911522243,
            "max": 0.2135449265571293,
            "count": 7
        },
        "CarAgent5_1.Losses.ValueLoss.mean": {
            "value": 0.194910176654738,
            "min": 0.001048757711338574,
            "max": 5.853799035057189,
            "count": 7
        },
        "CarAgent5_1.Losses.ValueLoss.sum": {
            "value": 1.169461059928428,
            "min": 0.00524378855669287,
            "max": 29.268995175285944,
            "count": 7
        },
        "CarAgent5_1.Policy.LearningRate.mean": {
            "value": 0.00034761047976405004,
            "min": 0.00034761047976405004,
            "max": 0.0003954978144588801,
            "count": 7
        },
        "CarAgent5_1.Policy.LearningRate.sum": {
            "value": 0.0020856628785843,
            "min": 0.0018202197782783997,
            "max": 0.0022786218970111995,
            "count": 7
        },
        "CarAgent5_1.Policy.Epsilon.mean": {
            "value": 0.18690261666666666,
            "min": 0.18690261666666666,
            "max": 0.1988744533333333,
            "count": 7
        },
        "CarAgent5_1.Policy.Epsilon.sum": {
            "value": 1.1214157,
            "min": 0.9550549333333332,
            "max": 1.1696554666666668,
            "count": 7
        },
        "CarAgent5_1.Policy.Beta.mean": {
            "value": 0.004346440571666666,
            "min": 0.004346440571666666,
            "max": 0.004943835221333333,
            "count": 7
        },
        "CarAgent5_1.Policy.Beta.sum": {
            "value": 0.02607864343,
            "min": 0.022757241173333338,
            "max": 0.028485807786666664,
            "count": 7
        },
        "CarAgent5_1.Environment.EpisodeLength.mean": {
            "value": 2475.730769230769,
            "min": 2475.730769230769,
            "max": 2999.0,
            "count": 7
        },
        "CarAgent5_1.Environment.EpisodeLength.sum": {
            "value": 64369.0,
            "min": 47984.0,
            "max": 95968.0,
            "count": 7
        },
        "CarAgent5_1.Environment.CumulativeReward.mean": {
            "value": -28.866422568376247,
            "min": -41.014873426407576,
            "max": -28.866422568376247,
            "count": 7
        },
        "CarAgent5_1.Environment.CumulativeReward.sum": {
            "value": -750.5269867777824,
            "min": -1199.2699463367462,
            "max": -556.9919860363007,
            "count": 7
        },
        "CarAgent5_1.Policy.ExtrinsicReward.mean": {
            "value": -28.866422568376247,
            "min": -41.014873426407576,
            "max": -28.866422568376247,
            "count": 7
        },
        "CarAgent5_1.Policy.ExtrinsicReward.sum": {
            "value": -750.5269867777824,
            "min": -1199.2699463367462,
            "max": -556.9919860363007,
            "count": 7
        },
        "CarAgent5_1.IsTraining.mean": {
            "value": 1.0,
            "min": 1.0,
            "max": 1.0,
            "count": 7
        },
        "CarAgent5_1.IsTraining.sum": {
            "value": 1.0,
            "min": 1.0,
            "max": 1.0,
            "count": 7
        }
    },
    "metadata": {
        "timer_format_version": "0.1.0",
        "start_time_seconds": "1642516580",
        "python_version": "3.6.13 |Anaconda, Inc.| (default, Mar 16 2021, 11:37:27) [MSC v.1916 64 bit (AMD64)]",
        "command_line_arguments": "C:\\Users\\alexc\\anaconda3\\envs\\unity_ml_full\\Scripts\\mlagents-learn config\\CarAgent5.yaml --run-id=CarAgent5_1 --env=builds/CarAgent5 --force",
        "mlagents_version": "0.27.0",
        "mlagents_envs_version": "0.27.0",
        "communication_protocol_version": "1.5.0",
        "pytorch_version": "1.7.1+cu110",
        "numpy_version": "1.19.5",
        "end_time_seconds": "1642516943"
    },
    "total": 362.9689818,
    "count": 1,
    "self": 0.12415440000000899,
    "children": {
        "run_training.setup": {
            "total": 0.0877808,
            "count": 1,
            "self": 0.0877808
        },
        "TrainerController.start_learning": {
            "total": 362.75704659999997,
            "count": 1,
            "self": 0.4643537000004585,
            "children": {
                "TrainerController._reset_env": {
                    "total": 5.3519783,
                    "count": 1,
                    "self": 5.3519783
                },
                "TrainerController.advance": {
                    "total": 356.85553569999956,
                    "count": 27125,
                    "self": 0.451829899998927,
                    "children": {
                        "env_step": {
                            "total": 220.5545145000004,
                            "count": 27125,
                            "self": 127.06046989999523,
                            "children": {
                                "SubprocessEnvManager._take_step": {
                                    "total": 93.20654860000252,
                                    "count": 27125,
                                    "self": 1.4006085999987619,
                                    "children": {
                                        "TorchPolicy.evaluate": {
                                            "total": 91.80594000000376,
                                            "count": 27125,
                                            "self": 23.70038900000347,
                                            "children": {
                                                "TorchPolicy.sample_actions": {
                                                    "total": 68.10555100000029,
                                                    "count": 27125,
                                                    "self": 68.10555100000029
                                                }
                                            }
                                        }
                                    }
                                },
                                "workers": {
                                    "total": 0.2874960000026645,
                                    "count": 27124,
                                    "self": 0.0,
                                    "children": {
                                        "worker_root": {
                                            "total": 357.7846824000007,
                                            "count": 27124,