{
    "name": "root",
    "gauges": {
        "SAC_CarAgent6.Policy.Entropy.mean": {
            "value": 0.8860634565353394,
            "min": 0.8176751732826233,
            "max": 4.2297234535217285,
            "count": 50
        },
        "SAC_CarAgent6.Policy.Entropy.sum": {
            "value": 8818.103515625,
            "min": 8176.75146484375,
            "max": 43312.3671875,
            "count": 50
        },
        "SAC_CarAgent6.Step.mean": {
            "value": 499962.0,
            "min": 9984.0,
            "max": 499962.0,
            "count": 50
        },
        "SAC_CarAgent6.Step.sum": {
            "value": 499962.0,
            "min": 9984.0,
            "max": 499962.0,
            "count": 50
        },
        "SAC_CarAgent6.Policy.ExtrinsicValue.mean": {
            "value": 21.610347747802734,
            "min": 1.5017255544662476,
            "max": 21.96096420288086,
            "count": 50
        },
        "SAC_CarAgent6.Policy.ExtrinsicValue.sum": {
            "value": 3457.65576171875,
            "min": 234.26919555664062,
            "max": 3527.416015625,
            "count": 50
        },
        "SAC_CarAgent6.Losses.PolicyLoss.mean": {
            "value": -64.13282111814338,
            "min": -65.48380173338155,
            "max": -5.71704315922349,
            "count": 50
        },
        "SAC_CarAgent6.Losses.PolicyLoss.sum": {
            "value": -32002.27773795355,
            "min": -32724.117368189494,
            "max": -2343.9876952816307,
            "count": 50
        },
        "SAC_CarAgent6.Losses.ValueLoss.mean": {
            "value": 0.012138464389302146,
            "min": 0.005142233835530122,
            "max": 0.10025044594630027,
            "count": 50
        },
        "SAC_CarAgent6.Losses.ValueLoss.sum": {
            "value": 6.057093730261771,
            "min": 2.5608324500940007,
            "max": 41.10268283798311,
            "count": 50
        },
        "SAC_CarAgent6.Losses.Q1Loss.mean": {
            "value": 0.10346415710223723,
            "min": 0.03403511231222323,
            "max": 0.28866277712228683,
            "count": 50
        },
        "SAC_CarAgent6.Losses.Q1Loss.sum": {
            "value": 51.62861439401638,
            "min": 17.017556156111617,
            "max": 144.04272578402112,
            "count": 50
        },
        "SAC_CarAgent6.Losses.Q2Loss.mean": {
            "value": 0.10134805613176501,
            "min": 0.03299976047045063,
            "max": 0.2697317980489074,
            "count": 50
        },
        "SAC_CarAgent6.Losses.Q2Loss.sum": {
            "value": 50.57268000975074,
            "min": 16.499880235225316,
            "max": 134.5961672264048,
            "count": 50
        },
        "SAC_CarAgent6.Policy.DiscreteEntropyCoeff.mean": {
            "value": 0.08962204149251522,
            "min": 0.07595507768049571,
            "max": 0.47876717466288277,
            "count": 50
        },
        "SAC_CarAgent6.Policy.DiscreteEntropyCoeff.sum": {
            "value": 44.72139870476509,
            "min": 37.825628684886865,
            "max": 223.25498124763573,
            "count": 50
        },
        "SAC_CarAgent6.Policy.ContinuousEntropyCoeff.mean": {
            "value": 0.5,
            "min": 0.5,
            "max": 0.5,
            "count": 50
        },
        "SAC_CarAgent6.Policy.ContinuousEntropyCoeff.sum": {
            "value": 249.5,
            "min": 205.0,
            "max": 269.0,
            "count": 50
        },
        "SAC_CarAgent6.Policy.LearningRate.mean": {
            "value": 0.0003,
            "min": 0.0002999999999999999,
            "max": 0.00030000000000000003,
            "count": 50
        },
        "SAC_CarAgent6.Policy.LearningRate.sum": {
            "value": 0.1497,
            "min": 0.12299999999999997,
            "max": 0.1614,
            "count": 50
        },
        "SAC_CarAgent6.IsTraining.mean": {
            "value": 1.0,
            "min": 1.0,
            "max": 1.0,
            "count": 50
        },
        "SAC_CarAgent6.IsTraining.sum": {
            "value": 1.0,
            "min": 1.0,
            "max": 1.0,
            "count": 50
        },
        "SAC_CarAgent6.Environment.EpisodeLength.mean": {
            "value": 731.2307692307693,
            "min": 536.2,
            "max": 749.0,
            "count": 49
        },
        "SAC_CarAgent6.Environment.EpisodeLength.sum": {
            "value": 9506.0,
            "min": 5073.0,
            "max": 13405.0,
            "count": 49
        },
        "SAC_CarAgent6.Environment.CumulativeReward.mean": {
            "value": 796.7956767449012,
            "min": 326.30517530441284,
            "max": 816.0366962977818,
            "count": 49
        },
        "SAC_CarAgent6.Environment.CumulativeReward.sum": {
            "value": 10358.343797683716,
            "min": 5220.8828048706055,
            "max": 12965.529616355896,
            "count": 49
        },
        "SAC_CarAgent6.Policy.ExtrinsicReward.mean": {
            "value": 796.7956767449012,
            "min": 326.30517530441284,
            "max": 816.0366962977818,
            "count": 49
        },
        "SAC_CarAgent6.Policy.ExtrinsicReward.sum": {
            "value": 10358.343797683716,
            "min": 5220.8828048706055,
            "max": 12965.529616355896,
            "count": 49
        }
    },
    "metadata": {
        "timer_format_version": "0.1.0",
        "start_time_seconds": "1643143183",
        "python_version": "3.6.13 |Anaconda, Inc.| (default, Mar 16 2021, 11:37:27) [MSC v.1916 64 bit (AMD64)]",
        "command_line_arguments": "C:\\Users\\alexc\\anaconda3\\envs\\mlagent_release_18\\Scripts\\mlagents-learn config/SAC/SAC_CarAgent6_b1024_n64_s20.yaml --run-id=SAC_CarAgent6_5_b1024_n64_s20_v2 --env=builds/SAC_CarAgent6",
        "mlagents_version": "0.27.0",
        "mlagents_envs_version": "0.27.0",
        "communication_protocol_version": "1.5.0",
        "pytorch_version": "1.7.1+cu110",
        "numpy_version": "1.19.5",
        "end_time_seconds": "1643145391"
    },
    "total": 2208.0848279,
    "count": 1,
    "self": 0.25047159999985524,
    "children": {
        "run_training.setup": {
            "total": 0.08775039999999999,
            "count": 1,
            "self": 0.08775039999999999
        },
        "TrainerController.start_learning": {
            "total": 2207.7466059000003,
            "count": 1,
            "self": 0.6757686999862926,
            "children": {
                "TrainerController._reset_env": {
                    "total": 5.9623501,
                    "count": 1,
                    "self": 5.9623501
                },
                "TrainerController.advance": {
                    "total": 2201.004751300014,
                    "count": 31817,
                    "self": 0.563827900029537,
                    "children": {
                        "env_step": {
                            "total": 323.3185737999972,
                            "count": 31817,
                            "self": 180.41303490000726,
                            "children": {
                                "SubprocessEnvManager._take_step": {
                                    "total": 142.51341499997326,
                                    "count": 31817,
                                    "self": 1.8522654999579515,
                                    "children": {
                                        "TorchPolicy.evaluate": {
                                            "total": 140.6611495000153,
                                            "count": 31272,
                                            "self": 43.79041600001089,
                                            "children": {
                                                "TorchPolicy.sample_actions": {
                                                    "total": 96.87073350000442,