{
    "name": "root",
    "gauges": {
        "CarAgent1.Policy.Entropy.mean": {
            "value": 1.6407026052474976,
            "min": 1.6407026052474976,
            "max": 2.114673137664795,
            "count": 24
        },
        "CarAgent1.Policy.Entropy.sum": {
            "value": 16065.759765625,
            "min": 16065.759765625,
            "max": 21383.57421875,
            "count": 24
        },
        "CarAgent1.Step.mean": {
            "value": 239976.0,
            "min": 9984.0,
            "max": 239976.0,
            "count": 24
        },
        "CarAgent1.Step.sum": {
            "value": 239976.0,
            "min": 9984.0,
            "max": 239976.0,
            "count": 24
        },
        "CarAgent1.Policy.ExtrinsicValueEstimate.mean": {
            "value": 6.089542388916016,
            "min": -9.47437858581543,
            "max": 6.089542388916016,
            "count": 24
        },
        "CarAgent1.Policy.ExtrinsicValueEstimate.sum": {
            "value": 1041.311767578125,
            "min": -1584.452880859375,
            "max": 1041.311767578125,
            "count": 24
        },
        "CarAgent1.Environment.EpisodeLength.mean": {
            "value": 599.0,
            "min": 599.0,
            "max": 599.0,
            "count": 24
        },
        "CarAgent1.Environment.EpisodeLength.sum": {
            "value": 14376.0,
            "min": 9584.0,
            "max": 14376.0,
            "count": 24
        },
        "CarAgent1.Environment.CumulativeReward.mean": {
            "value": 112.76086983505799,
            "min": -61.02500534057617,
            "max": 112.76086983505799,
            "count": 24
        },
        "CarAgent1.Environment.CumulativeReward.sum": {
            "value": 2593.5000062063336,
            "min": -1377.6001176834106,
            "max": 2593.5000062063336,
            "count": 24
        },
        "CarAgent1.Policy.ExtrinsicReward.mean": {
            "value": 112.76086983505799,
            "min": -61.02500534057617,
            "max": 112.76086983505799,
            "count": 24
        },
        "CarAgent1.Policy.ExtrinsicReward.sum": {
            "value": 2593.5000062063336,
            "min": -1377.6001176834106,
            "max": 2593.5000062063336,
            "count": 24
        },
        "CarAgent1.IsTraining.mean": {
            "value": 1.0,
            "min": 1.0,
            "max": 1.0,
            "count": 24
        },
        "CarAgent1.IsTraining.sum": {
            "value": 1.0,
            "min": 1.0,
            "max": 1.0,
            "count": 24
        },
        "CarAgent1.Losses.PolicyLoss.mean": {
            "value": 0.04550996258153535,
            "min": 0.040635603267886226,
            "max": 0.05656193675087884,
            "count": 22
        },
        "CarAgent1.Losses.PolicyLoss.sum": {
            "value": 0.04550996258153535,
            "min": 0.040635603267886226,
            "max": 0.05656193675087884,
            "count": 22
        },
        "CarAgent1.Losses.ValueLoss.mean": {
            "value": 7.741108940868843,
            "min": 0.03579416597106804,
            "max": 9.064991013209026,
            "count": 22
        },
        "CarAgent1.Losses.ValueLoss.sum": {
            "value": 7.741108940868843,
            "min": 0.03579416597106804,
            "max": 9.064991013209026,
            "count": 22
        },
        "CarAgent1.Policy.LearningRate.mean": {
            "value": 9.440096853333326e-06,
            "min": 9.440096853333326e-06,
            "max": 0.00028672000442666657,
            "count": 22
        },
        "CarAgent1.Policy.LearningRate.sum": {
            "value": 9.440096853333326e-06,
            "min": 9.440096853333326e-06,
            "max": 0.00028672000442666657,
            "count": 22
        },
        "CarAgent1.Policy.Epsilon.mean": {
            "value": 0.10314666666666672,
            "min": 0.10314666666666672,
            "max": 0.19557333333333332,
            "count": 22
        },
        "CarAgent1.Policy.Epsilon.sum": {
            "value": 0.10314666666666672,
            "min": 0.10314666666666672,
            "max": 0.19557333333333332,
            "count": 22
        },
        "CarAgent1.Policy.Beta.mean": {
            "value": 2.5418666666666654e-05,
            "min": 2.5418666666666654e-05,
            "max": 0.00047830933333333354,
            "count": 22
        },
        "CarAgent1.Policy.Beta.sum": {
            "value": 2.5418666666666654e-05,
            "min": 2.5418666666666654e-05,
            "max": 0.00047830933333333354,
            "count": 22
        }
    },
    "metadata": {
        "timer_format_version": "0.1.0",
        "start_time_seconds": "1642002662",
        "python_version": "3.6.13 |Anaconda, Inc.| (default, Mar 16 2021, 11:37:27) [MSC v.1916 64 bit (AMD64)]",
        "command_line_arguments": "C:\\Users\\alexc\\anaconda3\\envs\\unity_ml_full\\Scripts\\mlagents-learn config/CarAgent1.yaml --run-id=CarAgent1_6 --env=builds/CarAgent1 --force",
        "mlagents_version": "0.27.0",
        "mlagents_envs_version": "0.27.0",
        "communication_protocol_version": "1.5.0",
        "pytorch_version": "1.7.1+cu110",
        "numpy_version": "1.19.5",
        "end_time_seconds": "1642003902"
    },
    "total": 1240.3458106,
    "count": 1,
    "self": 0.8687670000001617,
    "children": {
        "run_training.setup": {
            "total": 0.0856943,
            "count": 1,
            "self": 0.0856943
        },
        "TrainerController.start_learning": {
            "total": 1239.3913493,
            "count": 1,
            "self": 0.6381057000012333,
            "children": {
                "TrainerController._reset_env": {
                    "total": 7.1005248,
                    "count": 1,
                    "self": 7.1005248
                },
                "TrainerController.advance": {
                    "total": 1231.4916251999987,
                    "count": 30064,
                    "self": 0.5676672999850325,
                    "children": {
                        "env_step": {
                            "total": 1044.0245985000079,
                            "count": 30064,
                            "self": 908.0432177999808,
                            "children": {
                                "SubprocessEnvManager._take_step": {
                                    "total": 135.38799230001408,
                                    "count": 30064,
                                    "self": 1.5401414000110947,
                                    "children": {
                                        "TorchPolicy.evaluate": {
                                            "total": 133.84785090000298,
                                            "count": 30064,
                                            "self": 57.229926799990125,
                                            "children": {
                                                "TorchPolicy.sample_actions": {
                                                    "total": 76.61792410001286,
                                                    "count": 30064,
                                                    "self": 76.61792410001286
                                                }
                                            }
                                        }
                                    }
                                },
                                "workers": {
                                    "total": 0.5933884000130663,
                                    "count": 30064,
                                    "self": 0.0,
                                    "children": {
                                        "worker_root": {
                                            "total": 1232.1928379999983,
                                            "count": 30064,
                                            "is_parallel": true,