{
    "name": "root",
    "gauges": {
        "CarAgent3.Policy.Entropy.mean": {
            "value": 1.1270390748977661,
            "min": 1.1270390748977661,
            "max": 5.247697830200195,
            "count": 50
        },
        "CarAgent3.Policy.Entropy.sum": {
            "value": 33793.140625,
            "min": 33793.140625,
            "max": 158186.609375,
            "count": 50
        },
        "CarAgent3.Step.mean": {
            "value": 1499987.0,
            "min": 29952.0,
            "max": 1499987.0,
            "count": 50
        },
        "CarAgent3.Step.sum": {
            "value": 1499987.0,
            "min": 29952.0,
            "max": 1499987.0,
            "count": 50
        },
        "CarAgent3.Policy.ExtrinsicValueEstimate.mean": {
            "value": 26.21869659423828,
            "min": -79.1597671508789,
            "max": 29.4296875,
            "count": 50
        },
        "CarAgent3.Policy.ExtrinsicValueEstimate.sum": {
            "value": 14210.533203125,
            "min": -37838.3671875,
            "max": 15627.1640625,
            "count": 50
        },
        "CarAgent3.Losses.PolicyLoss.mean": {
            "value": 0.04930783793267134,
            "min": 0.04546534309726363,
            "max": 0.05363420013511334,
            "count": 50
        },
        "CarAgent3.Losses.PolicyLoss.sum": {
            "value": 0.09861567586534269,
            "min": 0.09240506369381668,
            "max": 0.16090260040534002,
            "count": 50
        },
        "CarAgent3.Losses.ValueLoss.mean": {
            "value": 16.061225442091626,
            "min": 7.164918802844153,
            "max": 484.16179552945226,
            "count": 50
        },
        "CarAgent3.Losses.ValueLoss.sum": {
            "value": 32.12245088418325,
            "min": 19.271706491708755,
            "max": 968.3235910589045,
            "count": 50
        },
        "CarAgent3.Policy.LearningRate.mean": {
            "value": 2.9789990070333342e-06,
            "min": 2.9789990070333342e-06,
            "max": 0.00029662080112640007,
            "count": 50
        },
        "CarAgent3.Policy.LearningRate.sum": {
            "value": 5.9579980140666684e-06,
            "min": 5.9579980140666684e-06,
            "max": 0.0008734272088575998,
            "count": 50
        },
        "CarAgent3.Policy.Epsilon.mean": {
            "value": 0.10099296666666668,
            "min": 0.10099296666666668,
            "max": 0.19887359999999998,
            "count": 50
        },
        "CarAgent3.Policy.Epsilon.sum": {
            "value": 0.20198593333333337,
            "min": 0.20198593333333337,
            "max": 0.5911424,
            "count": 50
        },
        "CarAgent3.Policy.Beta.mean": {
            "value": 1.486553666666667e-05,
            "min": 1.486553666666667e-05,
            "max": 0.0004944806400000001,
            "count": 50
        },
        "CarAgent3.Policy.Beta.sum": {
            "value": 2.973107333333334e-05,
            "min": 2.973107333333334e-05,
            "max": 0.0014565977600000004,
            "count": 50
        },
        "CarAgent3.Environment.EpisodeLength.mean": {
            "value": 215.2312925170068,
            "min": 209.0909090909091,
            "max": 1499.0,
            "count": 50
        },
        "CarAgent3.Environment.EpisodeLength.sum": {
            "value": 31639.0,
            "min": 23984.0,
            "max": 47563.0,
            "count": 50
        },
        "CarAgent3.Environment.CumulativeReward.mean": {
            "value": 75.19727891156462,
            "min": -2153.5,
            "max": 122.7925925925926,
            "count": 50
        },
        "CarAgent3.Environment.CumulativeReward.sum": {
            "value": 11054.0,
            "min": -34456.0,
            "max": 16577.0,
            "count": 50
        },
        "CarAgent3.Policy.ExtrinsicReward.mean": {
            "value": 75.19727891156462,
            "min": -2153.5,
            "max": 122.7925925925926,
            "count": 50
        },
        "CarAgent3.Policy.ExtrinsicReward.sum": {
            "value": 11054.0,
            "min": -34456.0,
            "max": 16577.0,
            "count": 50
        },
        "CarAgent3.IsTraining.mean": {
            "value": 1.0,
            "min": 1.0,
            "max": 1.0,
            "count": 50
        },
        "CarAgent3.IsTraining.sum": {
            "value": 1.0,
            "min": 1.0,
            "max": 1.0,
            "count": 50
        }
    },
    "metadata": {
        "timer_format_version": "0.1.0",
        "start_time_seconds": "1642096723",
        "python_version": "3.6.13 |Anaconda, Inc.| (default, Mar 16 2021, 11:37:27) [MSC v.1916 64 bit (AMD64)]",
        "command_line_arguments": "C:\\Users\\alexc\\anaconda3\\envs\\unity_ml_full\\Scripts\\mlagents-learn config/CarAgent3raycast.yaml --run-id=CarAgent3_3",
        "mlagents_version": "0.27.0",
        "mlagents_envs_version": "0.27.0",
        "communication_protocol_version": "1.5.0",
        "pytorch_version": "1.7.1+cu110",
        "numpy_version": "1.19.5",
        "end_time_seconds": "1642099096"
    },
    "total": 2372.847815,
    "count": 1,
    "self": 0.07266930000014327,
    "children": {
        "run_training.setup": {
            "total": 0.0956515,
            "count": 1,
            "self": 0.0956515
        },
        "TrainerController.start_learning": {
            "total": 2372.6794942,
            "count": 1,
            "self": 2.066628699982175,
            "children": {
                "TrainerController._reset_env": {
                    "total": 15.9271964,
                    "count": 1,
                    "self": 15.9271964
                },
                "TrainerController.advance": {
                    "total": 2354.421817000018,
                    "count": 97733,
                    "self": 1.7527920000065933,
                    "children": {
                        "env_step": {
                            "total": 1702.5657050000189,
                            "count": 97733,
                            "self": 1185.209607300032,
                            "children": {
                                "SubprocessEnvManager._take_step": {
                                    "total": 516.1028768000001,
                                    "count": 97733,
                                    "self": 5.479083900025898,
                                    "children": {
                                        "TorchPolicy.evaluate": {
                                            "total": 510.6237928999742,
                                            "count": 93780,
                                            "self": 186.14377059999651,
                                            "children": {
                                                "TorchPolicy.sample_actions": {
                                                    "total": 324.4800222999777,
                                                    "count": 93780,
                                                    "self": 324.4800222999777
                                                }
                                            }
                                        }
                                    }
                                },
                                "workers": {
                                    "total": 1.2532208999866263,
                                    "count": 97733,
                                    "self": 0.0,
                                    "children": {
                                        "worker_root": {
                                            "total": 2355.433579500018,
                                            "count": 97733,
                                            "is_parallel": true,
                                            "self": 1330.4152747999944,