{
    "name": "root",
    "gauges": {
        "PPO_CarAgent6.Policy.Entropy.mean": {
            "value": 3.1698198318481445,
            "min": 3.0396888256073,
            "max": 4.864377498626709,
            "count": 30
        },
        "PPO_CarAgent6.Policy.Entropy.sum": {
            "value": 158646.3125,
            "min": 151805.09375,
            "max": 243851.234375,
            "count": 30
        },
        "PPO_CarAgent6.Step.mean": {
            "value": 1499971.0,
            "min": 49938.0,
            "max": 1499971.0,
            "count": 30
        },
        "PPO_CarAgent6.Step.sum": {
            "value": 1499971.0,
            "min": 49938.0,
            "max": 1499971.0,
            "count": 30
        },
        "PPO_CarAgent6.Policy.ExtrinsicValueEstimate.mean": {
            "value": 105.1666488647461,
            "min": 6.174908638000488,
            "max": 106.34757232666016,
            "count": 30
        },
        "PPO_CarAgent6.Policy.ExtrinsicValueEstimate.sum": {
            "value": 84238.484375,
            "min": 4927.5771484375,
            "max": 85184.40625,
            "count": 30
        },
        "PPO_CarAgent6.Environment.EpisodeLength.mean": {
            "value": 743.123076923077,
            "min": 686.2297297297297,
            "max": 749.0,
            "count": 30
        },
        "PPO_CarAgent6.Environment.EpisodeLength.sum": {
            "value": 48303.0,
            "min": 47187.0,
            "max": 52617.0,
            "count": 30
        },
        "PPO_CarAgent6.Environment.CumulativeReward.mean": {
            "value": 795.9053128169134,
            "min": 255.72956408110875,
            "max": 809.056732011878,
            "count": 30
        },
        "PPO_CarAgent6.Environment.CumulativeReward.sum": {
            "value": 51733.845333099365,
            "min": 16110.962537109852,
            "max": 56558.47628879547,
            "count": 30
        },
        "PPO_CarAgent6.Policy.ExtrinsicReward.mean": {
            "value": 795.9053128169134,
            "min": 255.72956408110875,
            "max": 809.056732011878,
            "count": 30
        },
        "PPO_CarAgent6.Policy.ExtrinsicReward.sum": {
            "value": 51733.845333099365,
            "min": 16110.962537109852,
            "max": 56558.47628879547,
            "count": 30
        },
        "PPO_CarAgent6.Losses.PolicyLoss.mean": {
            "value": 0.0500999633852795,
            "min": 0.04588006908149206,
            "max": 0.05267114423928433,
            "count": 30
        },
        "PPO_CarAgent6.Losses.PolicyLoss.sum": {
            "value": 0.2504998169263975,
            "min": 0.1923458258656865,
            "max": 0.26335572119642164,
            "count": 30
        },
        "PPO_CarAgent6.Losses.ValueLoss.mean": {
            "value": 23.866537994047004,
            "min": 5.233053250306805,
            "max": 227.15459797541303,
            "count": 30
        },
        "PPO_CarAgent6.Losses.ValueLoss.sum": {
            "value": 119.33268997023502,
            "min": 20.93221300122722,
            "max": 1135.7729898770651,
            "count": 30
        },
        "PPO_CarAgent6.Policy.LearningRate.mean": {
            "value": 5.113618295493341e-06,
            "min": 5.113618295493341e-06,
            "max": 0.0002946414017862,
            "count": 30
        },
        "PPO_CarAgent6.Policy.LearningRate.sum": {
            "value": 2.5568091477466708e-05,
            "min": 2.5568091477466708e-05,
            "max": 0.0014251092249635998,
            "count": 30
        },
        "PPO_CarAgent6.Policy.Epsilon.mean": {
            "value": 0.10170450666666667,
            "min": 0.10170450666666667,
            "max": 0.19821380000000005,
            "count": 30
        },
        "PPO_CarAgent6.Policy.Epsilon.sum": {
            "value": 0.5085225333333333,
            "min": 0.44658479999999995,
            "max": 0.9750363999999999,
            "count": 30
        },
        "PPO_CarAgent6.Policy.Beta.mean": {
            "value": 9.505488266666684e-05,
            "min": 9.505488266666684e-05,
            "max": 0.00491086862,
            "count": 30
        },
        "PPO_CarAgent6.Policy.Beta.sum": {
            "value": 0.00047527441333333417,
            "min": 0.00047527441333333417,
            "max": 0.023754316360000003,
            "count": 30
        },
        "PPO_CarAgent6.IsTraining.mean": {
            "value": 1.0,
            "min": 1.0,
            "max": 1.0,
            "count": 30
        },
        "PPO_CarAgent6.IsTraining.sum": {
            "value": 1.0,
            "min": 1.0,
            "max": 1.0,
            "count": 30
        }
    },
    "metadata": {
        "timer_format_version": "0.1.0",
        "start_time_seconds": "1643123957",
        "python_version": "3.6.13 |Anaconda, Inc.| (default, Mar 16 2021, 11:37:27) [MSC v.1916 64 bit (AMD64)]",
        "command_line_arguments": "C:\\Users\\alexc\\anaconda3\\envs\\mlagent_release_18\\Scripts\\mlagents-learn config/PPO/PPO_CarAgent6_5_test2.yaml --run-id=PPO_CarAgent6_5_test8 --env=builds/PPO_CarAgent6",
        "mlagents_version": "0.27.0",
        "mlagents_envs_version": "0.27.0",
        "communication_protocol_version": "1.5.0",
        "pytorch_version": "1.7.1+cu110",
        "numpy_version": "1.19.5",
        "end_time_seconds": "1643125742"
    },
    "total": 1785.3500689999998,
    "count": 1,
    "self": 0.2320506999999452,
    "children": {
        "run_training.setup": {
            "total": 0.08618500000000001,
            "count": 1,
            "self": 0.08618500000000001
        },
        "TrainerController.start_learning": {
            "total": 1785.0318333,
            "count": 1,
            "self": 2.4821415999936107,
            "children": {
                "TrainerController._reset_env": {
                    "total": 5.4789253,
                    "count": 1,
                    "self": 5.4789253
                },
                "TrainerController.advance": {
                    "total": 1776.9808245000067,
                    "count": 168540,
                    "self": 2.3332461999943916,
                    "children": {
                        "env_step": {
                            "total": 1207.5884143999715,
                            "count": 168540,
                            "self": 623.0957123999432,
                            "children": {
                                "SubprocessEnvManager._take_step": {
                                    "total": 582.8939654000197,
                                    "count": 168540,
                                    "self": 6.940609999987032,
                                    "children": {
                                        "TorchPolicy.evaluate": {
                                            "total": 575.9533554000327,
                                            "count": 166706,
                                            "self": 157.6359442000507,
                                            "children": {
                                                "TorchPolicy.sample_actions": {
                                                    "total": 418.317411199982,
                                                    "count": 166706,
                                                    "self": 418.317411199982
                                                }
                                            }
                                        }
                                    }
                                },
                                "workers": {
                                    "total": 1.5987366000085856,
                                    "count": 168540,
                                    "self": 0.0,
                                    "children": {
                                        "worker_root": {
                                            "total": 1777.215652300006,