{
    "name": "root",
    "gauges": {
        "SAC_CarAgent6.Policy.Entropy.mean": {
            "value": 0.9847990274429321,
            "min": 0.9573544263839722,
            "max": 4.205398082733154,
            "count": 50
        },
        "SAC_CarAgent6.Policy.Entropy.sum": {
            "value": 9891.3212890625,
            "min": 9615.66796875,
            "max": 42920.29296875,
            "count": 50
        },
        "SAC_CarAgent6.Step.mean": {
            "value": 499962.0,
            "min": 9950.0,
            "max": 499962.0,
            "count": 50
        },
        "SAC_CarAgent6.Step.sum": {
            "value": 499962.0,
            "min": 9950.0,
            "max": 499962.0,
            "count": 50
        },
        "SAC_CarAgent6.Policy.ExtrinsicValue.mean": {
            "value": 21.67995834350586,
            "min": 2.246151924133301,
            "max": 21.997831344604492,
            "count": 50
        },
        "SAC_CarAgent6.Policy.ExtrinsicValue.sum": {
            "value": 3468.793212890625,
            "min": 354.8919982910156,
            "max": 3522.68896484375,
            "count": 50
        },
        "SAC_CarAgent6.Losses.PolicyLoss.mean": {
            "value": -64.80932661796051,
            "min": -64.97819922466876,
            "max": -7.490982212440269,
            "count": 50
        },
        "SAC_CarAgent6.Losses.PolicyLoss.sum": {
            "value": -32339.853982362292,
            "min": -32554.077811559044,
            "max": -3228.613333561756,
            "count": 50
        },
        "SAC_CarAgent6.Losses.ValueLoss.mean": {
            "value": 0.007707804685829216,
            "min": 0.0026107241923132504,
            "max": 0.0332241522300749,
            "count": 50
        },
        "SAC_CarAgent6.Losses.ValueLoss.sum": {
            "value": 3.8461945382287785,
            "min": 1.3366907864643842,
            "max": 16.612076115037453,
            "count": 50
        },
        "SAC_CarAgent6.Losses.Q1Loss.mean": {
            "value": 0.054874781424367025,
            "min": 0.02903314970986646,
            "max": 0.309159519037432,
            "count": 50
        },
        "SAC_CarAgent6.Losses.Q1Loss.sum": {
            "value": 27.382515930759144,
            "min": 14.458508555513497,
            "max": 154.579759518716,
            "count": 50
        },
        "SAC_CarAgent6.Losses.Q2Loss.mean": {
            "value": 0.054012063930229455,
            "min": 0.028407561957427753,
            "max": 0.3026566908053251,
            "count": 50
        },
        "SAC_CarAgent6.Losses.Q2Loss.sum": {
            "value": 26.9520199011845,
            "min": 14.14696585479902,
            "max": 151.32834540266253,
            "count": 50
        },
        "SAC_CarAgent6.Policy.DiscreteEntropyCoeff.mean": {
            "value": 0.07022512533394182,
            "min": 0.04891511314085652,
            "max": 0.47662945171026017,
            "count": 50
        },
        "SAC_CarAgent6.Policy.DiscreteEntropyCoeff.sum": {
            "value": 35.04233754163697,
            "min": 24.359726344146544,
            "max": 226.86691758573863,
            "count": 50
        },
        "SAC_CarAgent6.Policy.ContinuousEntropyCoeff.mean": {
            "value": 0.5,
            "min": 0.5,
            "max": 0.5,
            "count": 50
        },
        "SAC_CarAgent6.Policy.ContinuousEntropyCoeff.sum": {
            "value": 249.5,
            "min": 215.5,
            "max": 256.0,
            "count": 50
        },
        "SAC_CarAgent6.Policy.LearningRate.mean": {
            "value": 0.0003,
            "min": 0.0003,
            "max": 0.00030000000000000003,
            "count": 50
        },
        "SAC_CarAgent6.Policy.LearningRate.sum": {
            "value": 0.1497,
            "min": 0.1293,
            "max": 0.1536,
            "count": 50
        },
        "SAC_CarAgent6.Environment.EpisodeLength.mean": {
            "value": 738.25,
            "min": 634.5454545454545,
            "max": 749.0,
            "count": 50
        },
        "SAC_CarAgent6.Environment.EpisodeLength.sum": {
            "value": 11812.0,
            "min": 6741.0,
            "max": 13469.0,
            "count": 50
        },
        "SAC_CarAgent6.Environment.CumulativeReward.mean": {
            "value": 803.5054874420166,
            "min": 186.6103506929734,
            "max": 813.6476549784343,
            "count": 50
        },
        "SAC_CarAgent6.Environment.CumulativeReward.sum": {
            "value": 12856.087799072266,
            "min": 3172.375961780548,
            "max": 13330.146800994873,
            "count": 50
        },
        "SAC_CarAgent6.Policy.ExtrinsicReward.mean": {
            "value": 803.5054874420166,
            "min": 186.6103506929734,
            "max": 813.6476549784343,
            "count": 50
        },
        "SAC_CarAgent6.Policy.ExtrinsicReward.sum": {
            "value": 12856.087799072266,
            "min": 3172.375961780548,
            "max": 13330.146800994873,
            "count": 50
        },
        "SAC_CarAgent6.IsTraining.mean": {
            "value": 1.0,
            "min": 1.0,
            "max": 1.0,
            "count": 50
        },
        "SAC_CarAgent6.IsTraining.sum": {
            "value": 1.0,
            "min": 1.0,
            "max": 1.0,
            "count": 50
        }
    },
    "metadata": {
        "timer_format_version": "0.1.0",
        "start_time_seconds": "1643042919",
        "python_version": "3.6.13 |Anaconda, Inc.| (default, Mar 16 2021, 11:37:27) [MSC v.1916 64 bit (AMD64)]",
        "command_line_arguments": "C:\\Users\\alexc\\anaconda3\\envs\\mlagent_release_18\\Scripts\\mlagents-learn config/SAC_CarAgent6_test8.yaml --run-id=SAC_CarAgent6_test8 --env=builds/SAC_CarAgent6",
        "mlagents_version": "0.27.0",
        "mlagents_envs_version": "0.27.0",
        "communication_protocol_version": "1.5.0",
        "pytorch_version": "1.7.1+cu110",
        "numpy_version": "1.19.5",
        "end_time_seconds": "1643046454"
    },
    "total": 3534.4835903000003,
    "count": 1,
    "self": 0.2534449000004315,
    "children": {
        "run_training.setup": {
            "total": 0.0902062,
            "count": 1,
            "self": 0.0902062
        },
        "TrainerController.start_learning": {
            "total": 3534.1399392,
            "count": 1,
            "self": 0.9045355999955973,
            "children": {
                "TrainerController._reset_env": {
                    "total": 5.6497065,
                    "count": 1,
                    "self": 5.6497065
                },
                "TrainerController.advance": {
                    "total": 3527.4890140000043,
                    "count": 56181,
                    "self": 0.8377098000787555,
                    "children": {
                        "env_step": {
                            "total": 410.9819953999927,
                            "count": 56181,
                            "self": 216.73893010000552,
                            "children": {
                                "SubprocessEnvManager._take_step": {
                                    "total": 193.70952080002297,
                                    "count": 56181,
                                    "self": 2.512255899986201,
                                    "children": {
                                        "TorchPolicy.evaluate": {
                                            "total": 191.19726490003677,
                                            "count": 55590,
                                            "self": 49.23628720004564,
                                            "children": {
                                                "TorchPolicy.sample_actions": {
                                                    "total": 141.96097769999113,
                                                    "count": 55590,