{
    "name": "root",
    "gauges": {
        "CarAgent2.Policy.Entropy.mean": {
            "value": 1.2802462577819824,
            "min": 1.2802462577819824,
            "max": 2.113063335418701,
            "count": 62
        },
        "CarAgent2.Policy.Entropy.sum": {
            "value": 25604.92578125,
            "min": 25604.92578125,
            "max": 42261.265625,
            "count": 62
        },
        "CarAgent2.Step.mean": {
            "value": 1239966.0,
            "min": 19966.0,
            "max": 1239966.0,
            "count": 62
        },
        "CarAgent2.Step.sum": {
            "value": 1239966.0,
            "min": 19966.0,
            "max": 1239966.0,
            "count": 62
        },
        "CarAgent2.Policy.ExtrinsicValueEstimate.mean": {
            "value": -7.512754917144775,
            "min": -103.42753601074219,
            "max": -7.180239677429199,
            "count": 62
        },
        "CarAgent2.Policy.ExtrinsicValueEstimate.sum": {
            "value": -2404.08154296875,
            "min": -33096.8125,
            "max": -2297.6767578125,
            "count": 62
        },
        "CarAgent2.Environment.EpisodeLength.mean": {
            "value": 1249.0,
            "min": 1249.0,
            "max": 1249.0,
            "count": 62
        },
        "CarAgent2.Environment.EpisodeLength.sum": {
            "value": 19984.0,
            "min": 19984.0,
            "max": 19984.0,
            "count": 62
        },
        "CarAgent2.Environment.CumulativeReward.mean": {
            "value": -93.71797366440296,
            "min": -1311.5130406697592,
            "max": -90.12030375748873,
            "count": 62
        },
        "CarAgent2.Environment.CumulativeReward.sum": {
            "value": -1499.4875786304474,
            "min": -20934.428588867188,
            "max": -1441.9248601198196,
            "count": 62
        },
        "CarAgent2.Policy.ExtrinsicReward.mean": {
            "value": -93.71797366440296,
            "min": -1311.5130406697592,
            "max": -90.12030375748873,
            "count": 62
        },
        "CarAgent2.Policy.ExtrinsicReward.sum": {
            "value": -1499.4875786304474,
            "min": -20934.428588867188,
            "max": -1441.9248601198196,
            "count": 62
        },
        "CarAgent2.Losses.PolicyLoss.mean": {
            "value": 0.03484516402580387,
            "min": 0.025416341071589462,
            "max": 0.037655536078091245,
            "count": 62
        },
        "CarAgent2.Losses.PolicyLoss.sum": {
            "value": 0.06969032805160774,
            "min": 0.025416341071589462,
            "max": 0.07531107215618249,
            "count": 62
        },
        "CarAgent2.Losses.ValueLoss.mean": {
            "value": 1.724159880479177,
            "min": 1.598245769739151,
            "max": 302.2141994476318,
            "count": 62
        },
        "CarAgent2.Losses.ValueLoss.sum": {
            "value": 3.448319760958354,
            "min": 1.598245769739151,
            "max": 302.2141994476318,
            "count": 62
        },
        "CarAgent2.Policy.LearningRate.mean": {
            "value": 5.662178112639996e-06,
            "min": 5.662178112639996e-06,
            "max": 0.00029753856082048,
            "count": 62
        },
        "CarAgent2.Policy.LearningRate.sum": {
            "value": 1.1324356225279992e-05,
            "min": 1.1324356225279992e-05,
            "max": 0.0005876928041024,
            "count": 62
        },
        "CarAgent2.Policy.Epsilon.mean": {
            "value": 0.10188736000000001,
            "min": 0.10188736000000001,
            "max": 0.19917951999999994,
            "count": 62
        },
        "CarAgent2.Policy.Epsilon.sum": {
            "value": 0.20377472000000002,
            "min": 0.10641088000000003,
            "max": 0.39589759999999996,
            "count": 62
        },
        "CarAgent2.Policy.Beta.mean": {
            "value": 1.9248063999999998e-05,
            "min": 1.9248063999999998e-05,
            "max": 0.0004959796480000001,
            "count": 62
        },
        "CarAgent2.Policy.Beta.sum": {
            "value": 3.8496127999999995e-05,
            "min": 3.8496127999999995e-05,
            "max": 0.0009798982399999998,
            "count": 62
        },
        "CarAgent2.IsTraining.mean": {
            "value": 1.0,
            "min": 1.0,
            "max": 1.0,
            "count": 62
        },
        "CarAgent2.IsTraining.sum": {
            "value": 1.0,
            "min": 1.0,
            "max": 1.0,
            "count": 62
        }
    },
    "metadata": {
        "timer_format_version": "0.1.0",
        "start_time_seconds": "1642016312",
        "python_version": "3.6.13 |Anaconda, Inc.| (default, Mar 16 2021, 11:37:27) [MSC v.1916 64 bit (AMD64)]",
        "command_line_arguments": "C:\\Users\\alexc\\anaconda3\\envs\\unity_ml_full\\Scripts\\mlagents-learn config/CarAgent2.yaml --run-id=CarAgent2_1 --force --env=builds\\CarAgent2",
        "mlagents_version": "0.27.0",
        "mlagents_envs_version": "0.27.0",
        "communication_protocol_version": "1.5.0",
        "pytorch_version": "1.7.1+cu110",
        "numpy_version": "1.19.5",
        "end_time_seconds": "1642023355"
    },
    "total": 7043.3658049000005,
    "count": 1,
    "self": 1.3462287000011202,
    "children": {
        "run_training.setup": {
            "total": 0.09446159999999999,
            "count": 1,
            "self": 0.09446159999999999
        },
        "TrainerController.start_learning": {
            "total": 7041.9251146,
            "count": 1,
            "self": 6.560904999788363,
            "children": {
                "TrainerController._reset_env": {
                    "total": 7.289358,
                    "count": 1,
                    "self": 7.289358
                },
                "TrainerController.advance": {
                    "total": 7027.952559000211,
                    "count": 312564,
                    "self": 6.042247200709426,
                    "children": {
                        "env_step": {
                            "total": 6273.500092699677,
                            "count": 312564,
                            "self": 4864.422878299831,
                            "children": {
                                "SubprocessEnvManager._take_step": {
                                    "total": 1402.943623399991,
                                    "count": 312564,
                                    "self": 16.71487379995483,
                                    "children": {
                                        "TorchPolicy.evaluate": {
                                            "total": 1386.2287496000363,
                                            "count": 312564,
                                            "self": 626.8844343998585,
                                            "children": {
                                                "TorchPolicy.sample_actions": {
                                                    "total": 759.3443152001778,
                                                    "count": 312564,
                                                    "self": 759.3443152001778
                                                }
                                            }
                                        }
                                    }
                                },
                                "workers": {
                                    "total": 6.133590999855587,
                                    "count": 312564,
                                    "self": 0.0,
                                    "children": {
                                        "worker_root": {
                                            "total": 7026.295877100211,
                                            "count": 312564,