{
    "name": "root",
    "gauges": {
        "CarAgent2.Policy.Entropy.mean": {
            "value": 1.5339223146438599,
            "min": 1.5310733318328857,
            "max": 2.0792148113250732,
            "count": 30
        },
        "CarAgent2.Policy.Entropy.sum": {
            "value": 31144.759765625,
            "min": 29912.740234375,
            "max": 41862.9296875,
            "count": 30
        },
        "CarAgent2.Step.mean": {
            "value": 599952.0,
            "min": 19984.0,
            "max": 599952.0,
            "count": 30
        },
        "CarAgent2.Step.sum": {
            "value": 599952.0,
            "min": 19984.0,
            "max": 599952.0,
            "count": 30
        },
        "CarAgent2.Policy.ExtrinsicValueEstimate.mean": {
            "value": 9.885087013244629,
            "min": 8.14885139465332,
            "max": 22.403223037719727,
            "count": 30
        },
        "CarAgent2.Policy.ExtrinsicValueEstimate.sum": {
            "value": 3153.3427734375,
            "min": 2607.63232421875,
            "max": 7146.6279296875,
            "count": 30
        },
        "CarAgent2.Environment.EpisodeLength.mean": {
            "value": 999.0,
            "min": 999.0,
            "max": 999.0,
            "count": 30
        },
        "CarAgent2.Environment.EpisodeLength.sum": {
            "value": 17982.0,
            "min": 17982.0,
            "max": 26973.0,
            "count": 30
        },
        "CarAgent2.Environment.CumulativeReward.mean": {
            "value": 99.82704950703516,
            "min": 56.75454718536801,
            "max": 99.83829314892108,
            "count": 30
        },
        "CarAgent2.Environment.CumulativeReward.sum": {
            "value": 1796.8868911266327,
            "min": 1021.5818493366241,
            "max": 2692.9585926532745,
            "count": 30
        },
        "CarAgent2.Policy.ExtrinsicReward.mean": {
            "value": 99.82704950703516,
            "min": 56.75454718536801,
            "max": 99.83829314892108,
            "count": 30
        },
        "CarAgent2.Policy.ExtrinsicReward.sum": {
            "value": 1796.8868911266327,
            "min": 1021.5818493366241,
            "max": 2692.9585926532745,
            "count": 30
        },
        "CarAgent2.Losses.PolicyLoss.mean": {
            "value": 0.031087303841680597,
            "min": 0.029678126569100034,
            "max": 0.04059348993347764,
            "count": 30
        },
        "CarAgent2.Losses.PolicyLoss.sum": {
            "value": 0.062174607683361194,
            "min": 0.029678126569100034,
            "max": 0.08118697986695528,
            "count": 30
        },
        "CarAgent2.Losses.ValueLoss.mean": {
            "value": 0.015322333147438864,
            "min": 0.014201375221212705,
            "max": 8.898325435320537,
            "count": 30
        },
        "CarAgent2.Losses.ValueLoss.sum": {
            "value": 0.030644666294877727,
            "min": 0.022294562278936305,
            "max": 9.002939971288045,
            "count": 30
        },
        "CarAgent2.Policy.LearningRate.mean": {
            "value": 3.3780988739999977e-06,
            "min": 3.3780988739999977e-06,
            "max": 0.00029463600178800006,
            "count": 30
        },
        "CarAgent2.Policy.LearningRate.sum": {
            "value": 6.7561977479999954e-06,
            "min": 6.7561977479999954e-06,
            "max": 0.00057318000894,
            "count": 30
        },
        "CarAgent2.Policy.Epsilon.mean": {
            "value": 0.101126,
            "min": 0.101126,
            "max": 0.198212,
            "count": 30
        },
        "CarAgent2.Policy.Epsilon.sum": {
            "value": 0.202252,
            "min": 0.121616,
            "max": 0.39105999999999996,
            "count": 30
        },
        "CarAgent2.Policy.Beta.mean": {
            "value": 1.5517399999999995e-05,
            "min": 1.5517399999999995e-05,
            "max": 0.0004912388000000001,
            "count": 30
        },
        "CarAgent2.Policy.Beta.sum": {
            "value": 3.103479999999999e-05,
            "min": 3.103479999999999e-05,
            "max": 0.0009561940000000001,
            "count": 30
        },
        "CarAgent2.IsTraining.mean": {
            "value": 1.0,
            "min": 1.0,
            "max": 1.0,
            "count": 30
        },
        "CarAgent2.IsTraining.sum": {
            "value": 1.0,
            "min": 1.0,
            "max": 1.0,
            "count": 30
        }
    },
    "metadata": {
        "timer_format_version": "0.1.0",
        "start_time_seconds": "1642078328",
        "python_version": "3.6.13 |Anaconda, Inc.| (default, Mar 16 2021, 11:37:27) [MSC v.1916 64 bit (AMD64)]",
        "command_line_arguments": "C:\\Users\\alexc\\anaconda3\\envs\\unity_ml_full\\Scripts\\mlagents-learn config/CarAgent2raycast.yaml --run-id=CarAgent2_4raycast --force --env=builds\\CarAgent2",
        "mlagents_version": "0.27.0",
        "mlagents_envs_version": "0.27.0",
        "communication_protocol_version": "1.5.0",
        "pytorch_version": "1.7.1+cu110",
        "numpy_version": "1.19.5",
        "end_time_seconds": "1642078996"
    },
    "total": 668.5741661,
    "count": 1,
    "self": 1.2801447999999027,
    "children": {
        "run_training.setup": {
            "total": 0.0834898,
            "count": 1,
            "self": 0.0834898
        },
        "TrainerController.start_learning": {
            "total": 667.2105315,
            "count": 1,
            "self": 1.0488212000090016,
            "children": {
                "TrainerController._reset_env": {
                    "total": 7.1050396,
                    "count": 1,
                    "self": 7.1050396
                },
                "TrainerController.advance": {
                    "total": 658.9949471999911,
                    "count": 66704,
                    "self": 0.9489769999947839,
                    "children": {
                        "env_step": {
                            "total": 474.61097349999125,
                            "count": 66704,
                            "self": 287.20635850000735,
                            "children": {
                                "SubprocessEnvManager._take_step": {
                                    "total": 186.72850389998848,
                                    "count": 66704,
                                    "self": 2.942923599980361,
                                    "children": {
                                        "TorchPolicy.evaluate": {
                                            "total": 183.78558030000812,
                                            "count": 66704,
                                            "self": 81.91650140000726,
                                            "children": {
                                                "TorchPolicy.sample_actions": {
                                                    "total": 101.86907890000086,
                                                    "count": 66704,
                                                    "self": 101.86907890000086
                                                }
                                            }
                                        }
                                    }
                                },
                                "workers": {
                                    "total": 0.6761110999954223,
                                    "count": 66704,
                                    "self": 0.0,
                                    "children": {
                                        "worker_root": {
                                            "total": 659.8687267000038,
                                            "count": 66704,
                                            "is_parallel": true,