{"count":1,"self":114.22426879999999,"total":115.7653217,"children":{"InitializeActuators":{"count":1,"self":0.0015003999999999998,"total":0.0015003999999999998,"children":null},"InitializeSensors":{"count":1,"self":0.0019998999999999998,"total":0.0019998999999999998,"children":null},"AgentSendState":{"count":5548,"self":0.10293949999999999,"total":0.21986699999999998,"children":{"CollectObservations":{"count":1850,"self":0.1014225,"total":0.1014225,"children":null},"WriteActionMask":{"count":1850,"self":0.0020009999999999997,"total":0.0020009999999999997,"children":null},"RequestDecision":{"count":1850,"self":0.013503999999999999,"total":0.013503999999999999,"children":null}}},"DecideAction":{"count":5548,"self":1.2977752,"total":1.3007757,"children":{"RayPerceptionSensor.Perceive":{"count":1850,"self":0.0030004999999999997,"total":0.0030004999999999997,"children":null}}},"AgentAct":{"count":5548,"self":0.0159107,"total":0.0159107,"children":null}},"gauges":{"CarAgent4.CumulativeReward":{"count":1,"max":-753.044434,"min":-753.044434,"runningAverage":-753.044434,"value":-753.044434,"weightedAverage":-753.044434}},"metadata":{"timer_format_version":"0.1.0","start_time_seconds":"1642273440","unity_version":"2020.3.25f1","command_line_arguments":"C:\\Program Files\\Unity\\Hub\\Editor\\2020.3.25f1\\Editor\\Unity.exe -projectpath C:\/Users\/alexc\/Documents\/Unity\/Projects\/ResearchProject -useHub -hubIPC -cloudEnvironment production -hubSessionId 9250c250-75fb-11ec-abd6-d579da287981 -accessToken udXo_9qSvdonCsdlwuZeF-wJq68Mn-r81PfxvTLFMyY008f","communication_protocol_version":"1.5.0","com.unity.ml-agents_version":"2.1.0-exp.1","scene_name":"CarAgent4_parking","end_time_seconds":"1642273556"}}