{"count":1,"self":26.7397536,"total":27.1763238,"children":{"InitializeActuators":{"count":1,"self":0.0015003999999999998,"total":0.0015003999999999998,"children":null},"InitializeSensors":{"count":1,"self":0.0030006,"total":0.0030006,"children":null},"AgentSendState":{"count":1132,"self":0.0180104,"total":0.0491894,"children":{"CollectObservations":{"count":378,"self":0.019009699999999997,"total":0.019009699999999997,"children":null},"WriteActionMask":{"count":378,"self":0.0010007,"total":0.0010007,"children":null},"RequestDecision":{"count":378,"self":0.011168599999999999,"total":0.011168599999999999,"children":null}}},"DecideAction":{"count":1132,"self":0.37666089999999997,"total":0.37766079999999996,"children":{"RayPerceptionSensor.Perceive":{"count":378,"self":0.0009999,"total":0.0009999,"children":null}}},"AgentAct":{"count":1132,"self":0.0042182999999999995,"total":0.0042182999999999995,"children":null}},"gauges":{},"metadata":{"timer_format_version":"0.1.0","start_time_seconds":"1642631856","unity_version":"2020.3.25f1","command_line_arguments":"C:\\Program Files\\Unity\\Hub\\Editor\\2020.3.25f1\\Editor\\Unity.exe -projectpath C:\/Users\/alexc\/Documents\/Unity\/Projects\/ResearchProject -useHub -hubIPC -cloudEnvironment production -hubSessionId 8a1436b0-795e-11ec-aafc-779e9f81d944 -accessToken 0WYg80gm3q2AwL73fASSiF_G3bCC70-bnBtDXyrpuRc008f","communication_protocol_version":"1.5.0","com.unity.ml-agents_version":"2.1.0-exp.1","scene_name":"CarAgent5_parking","end_time_seconds":"1642631883"}}