{"count":1,"self":1839.2430591999998,"total":1864.5639777,"children":{"InitializeActuators":{"count":1,"self":0.0014992999999999999,"total":0.0014992999999999999,"children":null},"InitializeSensors":{"count":1,"self":0.0020003,"total":0.0020003,"children":null},"AgentSendState":{"count":92986,"self":1.6516151,"total":3.501238,"children":{"CollectObservations":{"count":30996,"self":1.6512012999999999,"total":1.6512012999999999,"children":null},"WriteActionMask":{"count":30996,"self":0.057525099999999996,"total":0.057525099999999996,"children":null},"RequestDecision":{"count":30996,"self":0.14089649999999998,"total":0.14089649999999998,"children":null}}},"DecideAction":{"count":92986,"self":21.4860112,"total":21.55905,"children":{"RayPerceptionSensor.Perceive":{"count":30996,"self":0.0730391,"total":0.0730391,"children":null}}},"AgentAct":{"count":92986,"self":0.25612999999999997,"total":0.25612999999999997,"children":null}},"gauges":{"CarAgent4.CumulativeReward":{"count":30,"max":-90.0992,"min":-95.09912,"runningAverage":-90.26586,"value":-90.0992,"weightedAverage":-90.80231}},"metadata":{"timer_format_version":"0.1.0","start_time_seconds":"1642413080","unity_version":"2020.3.25f1","command_line_arguments":"C:\\Program Files\\Unity\\Hub\\Editor\\2020.3.25f1\\Editor\\Unity.exe -projectpath C:\/Users\/alexc\/Documents\/Unity\/Projects\/ResearchProject -useHub -hubIPC -cloudEnvironment production -hubSessionId ea97a3b0-7778-11ec-9409-631a1d171d42 -accessToken pMvtCOorKgPpmCROBXCiuowtAcnAntxUqc2AW82jEro008f","communication_protocol_version":"1.5.0","com.unity.ml-agents_version":"2.1.0-exp.1","scene_name":"CarAgent4_center","end_time_seconds":"1642414944"}}