{"count":1,"self":30.2510272,"total":30.336763299999998,"children":{"InitializeActuators":{"count":1,"self":0.0015003999999999998,"total":0.0015003999999999998,"children":null},"InitializeSensors":{"count":1,"self":0.0010004999999999999,"total":0.0010004999999999999,"children":null},"AgentSendState":{"count":1291,"self":0.0105024,"total":0.062365699999999996,"children":{"CollectObservations":{"count":646,"self":0.046364999999999996,"total":0.046364999999999996,"children":null},"WriteActionMask":{"count":646,"self":0.0014998,"total":0.0014998,"children":null},"RequestDecision":{"count":646,"self":0.0039984999999999995,"total":0.0039984999999999995,"children":null}}},"DecideAction":{"count":1291,"self":0.015005,"total":0.015005,"children":null},"AgentAct":{"count":1291,"self":0.0048630999999999995,"total":0.0048630999999999995,"children":null}},"gauges":{"CarAgent2.CumulativeReward":{"count":1,"max":-1442.94824,"min":-1442.94824,"runningAverage":-1442.94824,"value":-1442.94824,"weightedAverage":-1442.94824}},"metadata":{"timer_format_version":"0.1.0","start_time_seconds":"1642069378","unity_version":"2020.3.25f1","command_line_arguments":"C:\\Program Files\\Unity\\Hub\\Editor\\2020.3.25f1\\Editor\\Unity.exe -projectpath C:\/Users\/alexc\/Documents\/Unity\/Projects\/ResearchProject -useHub -hubIPC -cloudEnvironment production -hubSessionId 443d3370-7450-11ec-b48e-81973f7f4bce -accessToken 8hvtOak6usQ9b3wf3MKSWte-m17dbLxTXWWa0Q9sIjc008f","communication_protocol_version":"1.5.0","com.unity.ml-agents_version":"2.1.0-exp.1","scene_name":"CarTest2","end_time_seconds":"1642069408"}}