{"count":1,"self":170.8338432,"total":737.5168923,"children":{"InitializeActuators":{"count":9,"self":0.0015000999999999999,"total":0.0015000999999999999,"children":null},"InitializeSensors":{"count":9,"self":0.0020007,"total":0.0020007,"children":null},"AgentSendState":{"count":114734,"self":26.137311999999998,"total":53.0931518,"children":{"CollectObservations":{"count":516303,"self":15.8544912,"total":15.854491099999999,"children":null},"WriteActionMask":{"count":516303,"self":0.3986453,"total":0.3986453,"children":null},"RequestDecision":{"count":516303,"self":1.3181825,"total":10.7027036,"children":{"AgentInfo.ToProto":{"count":516303,"self":1.3627076,"total":9.3845210999999988,"children":{"GenerateSensorData":{"count":516303,"self":7.4600615999999995,"total":8.0218135,"children":{"RayPerceptionSensor.Perceive":{"count":516303,"self":0.561752,"total":0.561752,"children":null}}}}}}}}},"DecideAction":{"count":114734,"self":512.6436352,"total":512.64363659999992,"children":null},"AgentAct":{"count":114734,"self":0.93625969999999992,"total":0.9417616,"children":{"AgentInfo.ToProto":{"count":342,"self":0.0010004999999999999,"total":0.0055019,"children":{"GenerateSensorData":{"count":342,"self":0.0040016,"total":0.0045014,"children":{"RayPerceptionSensor.Perceive":{"count":342,"self":0.0004998,"total":0.0004998,"children":null}}}}}}}},"gauges":{"CarAgent2.CumulativeReward":{"count":342,"max":75.04993,"min":13.4352436,"runningAverage":68.76833,"value":75.04993,"weightedAverage":75.0495}},"metadata":{"timer_format_version":"0.1.0","start_time_seconds":"1642076506","unity_version":"2020.3.25f1","command_line_arguments":"C:\\Program Files\\Unity\\Hub\\Editor\\2020.3.25f1\\Editor\\Unity.exe -projectpath C:\/Users\/alexc\/Documents\/Unity\/Projects\/ResearchProject -useHub -hubIPC -cloudEnvironment production -hubSessionId 443d3370-7450-11ec-b48e-81973f7f4bce -accessToken 8hvtOak6usQ9b3wf3MKSWte-m17dbLxTXWWa0Q9sIjc008f","communication_protocol_version":"1.5.0","com.unity.ml-agents_version":"2.1.0-exp.1","scene_name":"CarTest2","end_time_seconds":"1642077243"}}