{"count":1,"self":253.19953919999998,"total":280.34450599999997,"children":{"InitializeActuators":{"count":1,"self":0.0015003999999999998,"total":0.0015003999999999998,"children":null},"InitializeSensors":{"count":1,"self":0.0060002,"total":0.0060002,"children":null},"AgentSendState":{"count":13737,"self":0.10332079999999999,"total":0.2147213,"children":{"CollectObservations":{"count":6869,"self":0.0545086,"total":0.0545086,"children":null},"WriteActionMask":{"count":6869,"self":0.0144566,"total":0.0144566,"children":null},"RequestDecision":{"count":6869,"self":0.042435299999999995,"total":0.042435299999999995,"children":null}}},"DecideAction":{"count":13737,"self":12.9460144,"total":26.864186,"children":{"CameraSensor.WriteToTensor":{"count":6869,"self":13.9181712,"total":13.918171399999999,"children":null}}},"AgentAct":{"count":13737,"self":0.057560099999999996,"total":0.057560099999999996,"children":null}},"gauges":{"CarAgent2.CumulativeReward":{"count":5,"max":-86.495575,"min":-96.84287,"runningAverage":-90.1299057,"value":-90.5307159,"weightedAverage":-90.38326}},"metadata":{"timer_format_version":"0.1.0","start_time_seconds":"1642023573","unity_version":"2020.3.25f1","command_line_arguments":"C:\\Program Files\\Unity\\Hub\\Editor\\2020.3.25f1\\Editor\\Unity.exe -projectpath C:\/Users\/alexc\/Documents\/Unity\/Projects\/ResearchProject -useHub -hubIPC -cloudEnvironment production -hubSessionId f50c75e0-7382-11ec-aafa-b5f60a142851 -accessToken TFQaWQ6fxRjjvCm8XGTY84eGr8SO3mwofhxnaOArrnM008f","communication_protocol_version":"1.5.0","com.unity.ml-agents_version":"2.1.0-exp.1","scene_name":"CarTest2","end_time_seconds":"1642023853"}}