{
    "name": "root",
    "gauges": {
        "CarAgent4.Policy.Entropy.mean": {
            "value": 1.7195466756820679,
            "min": 1.4255616664886475,
            "max": 5.167768478393555,
            "count": 20
        },
        "CarAgent4.Policy.Entropy.sum": {
            "value": 103062.75,
            "min": 85716.171875,
            "max": 311554.4375,
            "count": 20
        },
        "CarAgent4.Step.mean": {
            "value": 1199972.0,
            "min": 59968.0,
            "max": 1199972.0,
            "count": 20
        },
        "CarAgent4.Step.sum": {
            "value": 1199972.0,
            "min": 59968.0,
            "max": 1199972.0,
            "count": 20
        },
        "CarAgent4.Policy.ExtrinsicValueEstimate.mean": {
            "value": 1.2753045558929443,
            "min": -58.54732131958008,
            "max": 10.45645809173584,
            "count": 20
        },
        "CarAgent4.Policy.ExtrinsicValueEstimate.sum": {
            "value": 1225.567626953125,
            "min": -56263.9765625,
            "max": 10080.025390625,
            "count": 20
        },
        "CarAgent4.Losses.PolicyLoss.mean": {
            "value": 0.048858707582500445,
            "min": 0.04674788067180296,
            "max": 0.0517314591364589,
            "count": 20
        },
        "CarAgent4.Losses.PolicyLoss.sum": {
            "value": 0.2931522454950027,
            "min": 0.2397871597086556,
            "max": 0.3103887548187534,
            "count": 20
        },
        "CarAgent4.Losses.ValueLoss.mean": {
            "value": 260.0505419121848,
            "min": 2.326884982091567,
            "max": 413.6760693401099,
            "count": 20
        },
        "CarAgent4.Losses.ValueLoss.sum": {
            "value": 1560.303251473109,
            "min": 11.634424910457835,
            "max": 2482.0564160406593,
            "count": 20
        },
        "CarAgent4.Policy.LearningRate.mean": {
            "value": 7.852097382666666e-06,
            "min": 7.852097382666666e-06,
            "max": 0.00029170560276479995,
            "count": 20
        },
        "CarAgent4.Policy.LearningRate.sum": {
            "value": 4.7112584295999997e-05,
            "min": 4.7112584295999997e-05,
            "max": 0.0015769920743359997,
            "count": 20
        },
        "CarAgent4.Policy.Epsilon.mean": {
            "value": 0.10261733333333335,
            "min": 0.10261733333333335,
            "max": 0.1972352,
            "count": 20
        },
        "CarAgent4.Policy.Epsilon.sum": {
            "value": 0.6157040000000001,
            "min": 0.5625320833333333,
            "max": 1.1256640000000002,
            "count": 20
        },
        "CarAgent4.Policy.Beta.mean": {
            "value": 2.282493333333333e-05,
            "min": 2.282493333333333e-05,
            "max": 0.00048645248000000004,
            "count": 20
        },
        "CarAgent4.Policy.Beta.sum": {
            "value": 0.00013694959999999997,
            "min": 0.00013694959999999997,
            "max": 0.0026357535999999996,
            "count": 20
        },
        "CarAgent4.Environment.EpisodeLength.mean": {
            "value": 975.4516129032259,
            "min": 932.6716417910447,
            "max": 999.0,
            "count": 20
        },
        "CarAgent4.Environment.EpisodeLength.sum": {
            "value": 60478.0,
            "min": 47952.0,
            "max": 64536.0,
            "count": 20
        },
        "CarAgent4.Environment.CumulativeReward.mean": {
            "value": 74.09838689142659,
            "min": -1025.856289068858,
            "max": 184.33657051378222,
            "count": 20
        },
        "CarAgent4.Environment.CumulativeReward.sum": {
            "value": 4594.099987268448,
            "min": -49241.101875305176,
            "max": 12350.550224423409,
            "count": 20
        },
        "CarAgent4.Policy.ExtrinsicReward.mean": {
            "value": 74.09838689142659,
            "min": -1025.856289068858,
            "max": 184.33657051378222,
            "count": 20
        },
        "CarAgent4.Policy.ExtrinsicReward.sum": {
            "value": 4594.099987268448,
            "min": -49241.101875305176,
            "max": 12350.550224423409,
            "count": 20
        },
        "CarAgent4.IsTraining.mean": {
            "value": 1.0,
            "min": 1.0,
            "max": 1.0,
            "count": 20
        },
        "CarAgent4.IsTraining.sum": {
            "value": 1.0,
            "min": 1.0,
            "max": 1.0,
            "count": 20
        }
    },
    "metadata": {
        "timer_format_version": "0.1.0",
        "start_time_seconds": "1642272112",
        "python_version": "3.6.13 |Anaconda, Inc.| (default, Mar 16 2021, 11:37:27) [MSC v.1916 64 bit (AMD64)]",
        "command_line_arguments": "C:\\Users\\alexc\\anaconda3\\envs\\unity_ml_full\\Scripts\\mlagents-learn config/CarAgent4_3.yaml --run-id=CarAgent4_3 --env=builds/CarAgent4_parking",
        "mlagents_version": "0.27.0",
        "mlagents_envs_version": "0.27.0",
        "communication_protocol_version": "1.5.0",
        "pytorch_version": "1.7.1+cu110",
        "numpy_version": "1.19.5",
        "end_time_seconds": "1642273365"
    },
    "total": 1252.7760097,
    "count": 1,
    "self": 0.3853033000000323,
    "children": {
        "run_training.setup": {
            "total": 0.0844447,
            "count": 1,
            "self": 0.0844447
        },
        "TrainerController.start_learning": {
            "total": 1252.3062617,
            "count": 1,
            "self": 1.5045548999917173,
            "children": {
                "TrainerController._reset_env": {
                    "total": 6.9486550000000005,
                    "count": 1,
                    "self": 6.9486550000000005
                },
                "TrainerController.advance": {
                    "total": 1243.7568152000083,
                    "count": 75426,
                    "self": 1.3437060000358088,
                    "children": {
                        "env_step": {
                            "total": 770.7681942999893,
                            "count": 75426,
                            "self": 471.53653369997784,
                            "children": {
                                "SubprocessEnvManager._take_step": {
                                    "total": 298.3066900000164,
                                    "count": 75426,
                                    "self": 4.163367799985963,
                                    "children": {
                                        "TorchPolicy.evaluate": {
                                            "total": 294.1433222000304,
                                            "count": 75029,
                                            "self": 84.41052929999722,
                                            "children": {
                                                "TorchPolicy.sample_actions": {
                                                    "total": 209.7327929000332,
                                                    "count": 75029,
                                                    "self": 209.7327929000332
                                                }
                                            }
                                        }
                                    }
                                },
                                "workers": {
                                    "total": 0.9249705999951185,
                                    "count": 75426,
                                    "self": 0.0,
                                    "children": {
                                        "worker_root": {
                                            "total": 1244.431817000008,
                                            "count": 75426,