{
    "name": "root",
    "gauges": {
        "CarAgent4.Policy.Entropy.mean": {
            "value": 2.3258745670318604,
            "min": 1.5255411863327026,
            "max": 5.177921295166016,
            "count": 20
        },
        "CarAgent4.Policy.Entropy.sum": {
            "value": 139478.046875,
            "min": 91410.4296875,
            "max": 312166.53125,
            "count": 20
        },
        "CarAgent4.Step.mean": {
            "value": 1199960.0,
            "min": 59968.0,
            "max": 1199960.0,
            "count": 20
        },
        "CarAgent4.Step.sum": {
            "value": 1199960.0,
            "min": 59968.0,
            "max": 1199960.0,
            "count": 20
        },
        "CarAgent4.Policy.ExtrinsicValueEstimate.mean": {
            "value": -22.893985748291016,
            "min": -60.8590087890625,
            "max": 23.54058837890625,
            "count": 20
        },
        "CarAgent4.Policy.ExtrinsicValueEstimate.sum": {
            "value": -22115.58984375,
            "min": -58485.5078125,
            "max": 22598.96484375,
            "count": 20
        },
        "CarAgent4.Losses.PolicyLoss.mean": {
            "value": 0.05112537099955564,
            "min": 0.04755997743674622,
            "max": 0.051338745880154114,
            "count": 20
        },
        "CarAgent4.Losses.PolicyLoss.sum": {
            "value": 0.2556268549977782,
            "min": 0.2482860072724482,
            "max": 0.3080324752809247,
            "count": 20
        },
        "CarAgent4.Losses.ValueLoss.mean": {
            "value": 293.74386406898503,
            "min": 12.923012902863956,
            "max": 910.6991920471191,
            "count": 20
        },
        "CarAgent4.Losses.ValueLoss.sum": {
            "value": 1468.719320344925,
            "min": 64.61506451431978,
            "max": 4553.495960235596,
            "count": 20
        },
        "CarAgent4.Policy.LearningRate.mean": {
            "value": 7.610797463099998e-06,
            "min": 7.610797463099998e-06,
            "max": 0.00029170560276479995,
            "count": 20
        },
        "CarAgent4.Policy.LearningRate.sum": {
            "value": 3.805398731549999e-05,
            "min": 3.805398731549999e-05,
            "max": 0.0015769920743359997,
            "count": 20
        },
        "CarAgent4.Policy.Epsilon.mean": {
            "value": 0.1025369,
            "min": 0.1025369,
            "max": 0.1972352,
            "count": 20
        },
        "CarAgent4.Policy.Epsilon.sum": {
            "value": 0.5126845,
            "min": 0.5126845,
            "max": 1.1256640000000002,
            "count": 20
        },
        "CarAgent4.Policy.Beta.mean": {
            "value": 2.2430809999999993e-05,
            "min": 2.2430809999999993e-05,
            "max": 0.00048645248000000004,
            "count": 20
        },
        "CarAgent4.Policy.Beta.sum": {
            "value": 0.00011215404999999996,
            "min": 0.00011215404999999996,
            "max": 0.0026357535999999996,
            "count": 20
        },
        "CarAgent4.Environment.EpisodeLength.mean": {
            "value": 897.5074626865671,
            "min": 852.2394366197183,
            "max": 999.0,
            "count": 20
        },
        "CarAgent4.Environment.EpisodeLength.sum": {
            "value": 60133.0,
            "min": 47952.0,
            "max": 63936.0,
            "count": 20
        },
        "CarAgent4.Environment.CumulativeReward.mean": {
            "value": -108.5694138937032,
            "min": -1043.981287876765,
            "max": 297.2898429672597,
            "count": 20
        },
        "CarAgent4.Environment.CumulativeReward.sum": {
            "value": -7274.150730878115,
            "min": -50111.10181808472,
            "max": 17540.10073506832,
            "count": 20
        },
        "CarAgent4.Policy.ExtrinsicReward.mean": {
            "value": -108.5694138937032,
            "min": -1043.981287876765,
            "max": 297.2898429672597,
            "count": 20
        },
        "CarAgent4.Policy.ExtrinsicReward.sum": {
            "value": -7274.150730878115,
            "min": -50111.10181808472,
            "max": 17540.10073506832,
            "count": 20
        },
        "CarAgent4.IsTraining.mean": {
            "value": 1.0,
            "min": 1.0,
            "max": 1.0,
            "count": 20
        },
        "CarAgent4.IsTraining.sum": {
            "value": 1.0,
            "min": 1.0,
            "max": 1.0,
            "count": 20
        }
    },
    "metadata": {
        "timer_format_version": "0.1.0",
        "start_time_seconds": "1642269294",
        "python_version": "3.6.13 |Anaconda, Inc.| (default, Mar 16 2021, 11:37:27) [MSC v.1916 64 bit (AMD64)]",
        "command_line_arguments": "C:\\Users\\alexc\\anaconda3\\envs\\unity_ml_full\\Scripts\\mlagents-learn config/CarAgent4_3.yaml --run-id=CarAgent4_3 --env=builds/CarAgent4_parking",
        "mlagents_version": "0.27.0",
        "mlagents_envs_version": "0.27.0",
        "communication_protocol_version": "1.5.0",
        "pytorch_version": "1.7.1+cu110",
        "numpy_version": "1.19.5",
        "end_time_seconds": "1642270658"
    },
    "total": 1363.2913692,
    "count": 1,
    "self": 0.7774061999998594,
    "children": {
        "run_training.setup": {
            "total": 0.0986695,
            "count": 1,
            "self": 0.0986695
        },
        "TrainerController.start_learning": {
            "total": 1362.4152935000002,
            "count": 1,
            "self": 1.452697900028852,
            "children": {
                "TrainerController._reset_env": {
                    "total": 7.3283219,
                    "count": 1,
                    "self": 7.3283219
                },
                "TrainerController.advance": {
                    "total": 1353.544393399971,
                    "count": 75944,
                    "self": 1.3494208999479724,
                    "children": {
                        "env_step": {
                            "total": 841.41138380001,
                            "count": 75944,
                            "self": 466.85659650000974,
                            "children": {
                                "SubprocessEnvManager._take_step": {
                                    "total": 373.6403036000029,
                                    "count": 75944,
                                    "self": 4.179988499999752,
                                    "children": {
                                        "TorchPolicy.evaluate": {
                                            "total": 369.46031510000313,
                                            "count": 75027,
                                            "self": 120.18073220000892,
                                            "children": {
                                                "TorchPolicy.sample_actions": {
                                                    "total": 249.2795828999942,
                                                    "count": 75027,
                                                    "self": 249.2795828999942
                                                }
                                            }
                                        }
                                    }
                                },
                                "workers": {
                                    "total": 0.9144836999973105,
                                    "count": 75944,
                                    "self": 0.0,
                                    "children": {
                                        "worker_root": {
                                            "total": 1354.5465124000023,
                                            "count": 75944,
                                            "is_parallel": true,