{
    "name": "root",
    "gauges": {
        "PPO_CarAgent6.Policy.Entropy.mean": {
            "value": 2.8225529193878174,
            "min": 2.7961785793304443,
            "max": 4.872707366943359,
            "count": 30
        },
        "PPO_CarAgent6.Policy.Entropy.sum": {
            "value": 140757.890625,
            "min": 139920.78125,
            "max": 244268.828125,
            "count": 30
        },
        "PPO_CarAgent6.Step.mean": {
            "value": 1499980.0,
            "min": 49938.0,
            "max": 1499980.0,
            "count": 30
        },
        "PPO_CarAgent6.Step.sum": {
            "value": 1499980.0,
            "min": 49938.0,
            "max": 1499980.0,
            "count": 30
        },
        "PPO_CarAgent6.Policy.ExtrinsicValueEstimate.mean": {
            "value": 103.68171691894531,
            "min": 5.1937432289123535,
            "max": 105.55522155761719,
            "count": 30
        },
        "PPO_CarAgent6.Policy.ExtrinsicValueEstimate.sum": {
            "value": 83152.734375,
            "min": 4144.60693359375,
            "max": 84444.1796875,
            "count": 30
        },
        "PPO_CarAgent6.Environment.EpisodeLength.mean": {
            "value": 730.3235294117648,
            "min": 698.1830985915493,
            "max": 749.0,
            "count": 30
        },
        "PPO_CarAgent6.Environment.EpisodeLength.sum": {
            "value": 49662.0,
            "min": 47187.0,
            "max": 52770.0,
            "count": 30
        },
        "PPO_CarAgent6.Environment.CumulativeReward.mean": {
            "value": 798.8218551944284,
            "min": 267.16527960224755,
            "max": 807.9260498971651,
            "count": 30
        },
        "PPO_CarAgent6.Environment.CumulativeReward.sum": {
            "value": 54319.88615322113,
            "min": 16831.412614941597,
            "max": 55166.38624572754,
            "count": 30
        },
        "PPO_CarAgent6.Policy.ExtrinsicReward.mean": {
            "value": 798.8218551944284,
            "min": 267.16527960224755,
            "max": 807.9260498971651,
            "count": 30
        },
        "PPO_CarAgent6.Policy.ExtrinsicReward.sum": {
            "value": 54319.88615322113,
            "min": 16831.412614941597,
            "max": 55166.38624572754,
            "count": 30
        },
        "PPO_CarAgent6.Losses.PolicyLoss.mean": {
            "value": 0.033545777303564436,
            "min": 0.030895666433110213,
            "max": 0.03657737797572433,
            "count": 30
        },
        "PPO_CarAgent6.Losses.PolicyLoss.sum": {
            "value": 0.1677288865178222,
            "min": 0.12872950506813746,
            "max": 0.18054566954572993,
            "count": 30
        },
        "PPO_CarAgent6.Losses.ValueLoss.mean": {
            "value": 17.165603710412977,
            "min": 7.695843899108116,
            "max": 446.30757233301796,
            "count": 30
        },
        "PPO_CarAgent6.Losses.ValueLoss.sum": {
            "value": 85.82801855206489,
            "min": 30.783375596432464,
            "max": 1793.0059857209524,
            "count": 30
        },
        "PPO_CarAgent6.Policy.LearningRate.mean": {
            "value": 5.255818248093328e-06,
            "min": 5.255818248093328e-06,
            "max": 0.00029464140178619996,
            "count": 30
        },
        "PPO_CarAgent6.Policy.LearningRate.sum": {
            "value": 2.627909124046664e-05,
            "min": 2.627909124046664e-05,
            "max": 0.0014251092249636004,
            "count": 30
        },
        "PPO_CarAgent6.Policy.Epsilon.mean": {
            "value": 0.1017519066666667,
            "min": 0.1017519066666667,
            "max": 0.19821380000000002,
            "count": 30
        },
        "PPO_CarAgent6.Policy.Epsilon.sum": {
            "value": 0.5087595333333335,
            "min": 0.4467428666666667,
            "max": 0.9750364,
            "count": 30
        },
        "PPO_CarAgent6.Policy.Beta.mean": {
            "value": 9.742014266666659e-05,
            "min": 9.742014266666659e-05,
            "max": 0.004910868620000001,
            "count": 30
        },
        "PPO_CarAgent6.Policy.Beta.sum": {
            "value": 0.00048710071333333296,
            "min": 0.00048710071333333296,
            "max": 0.02375431636,
            "count": 30
        },
        "PPO_CarAgent6.IsTraining.mean": {
            "value": 1.0,
            "min": 1.0,
            "max": 1.0,
            "count": 30
        },
        "PPO_CarAgent6.IsTraining.sum": {
            "value": 1.0,
            "min": 1.0,
            "max": 1.0,
            "count": 30
        }
    },
    "metadata": {
        "timer_format_version": "0.1.0",
        "start_time_seconds": "1642864806",
        "python_version": "3.6.13 |Anaconda, Inc.| (default, Mar 16 2021, 11:37:27) [MSC v.1916 64 bit (AMD64)]",
        "command_line_arguments": "C:\\Users\\alexc\\anaconda3\\envs\\mlagent_release_18\\Scripts\\mlagents-learn config/PPO_CarAgent6_b512.yaml --run-id=PPO_CarAgent6_4_512 --env=builds/PPO_CarAgent6",
        "mlagents_version": "0.27.0",
        "mlagents_envs_version": "0.27.0",
        "communication_protocol_version": "1.5.0",
        "pytorch_version": "1.7.1+cu110",
        "numpy_version": "1.19.5",
        "end_time_seconds": "1642866696"
    },
    "total": 1889.6406387,
    "count": 1,
    "self": 0.3439041999999972,
    "children": {
        "run_training.setup": {
            "total": 0.14009580000000002,
            "count": 1,
            "self": 0.14009580000000002
        },
        "TrainerController.start_learning": {
            "total": 1889.1566387,
            "count": 1,
            "self": 2.952673000046161,
            "children": {
                "TrainerController._reset_env": {
                    "total": 9.5172692,
                    "count": 1,
                    "self": 9.5172692
                },
                "TrainerController.advance": {
                    "total": 1876.5842480999538,
                    "count": 168558,
                    "self": 2.9220029999939925,
                    "children": {
                        "env_step": {
                            "total": 1369.775405299972,
                            "count": 168558,
                            "self": 729.6958550999925,
                            "children": {
                                "SubprocessEnvManager._take_step": {
                                    "total": 638.2617173999644,
                                    "count": 168558,
                                    "self": 7.984142399964298,
                                    "children": {
                                        "TorchPolicy.evaluate": {
                                            "total": 630.2775750000001,
                                            "count": 166695,
                                            "self": 176.31894279996948,
                                            "children": {
                                                "TorchPolicy.sample_actions": {
                                                    "total": 453.9586322000306,
                                                    "count": 166695,
                                                    "self": 453.9586322000306
                                                }
                                            }
                                        }
                                    }
                                },
                                "workers": {
                                    "total": 1.81783280001501,
                                    "count": 168558,
                                    "self": 0.0,
                                    "children": {
                                        "worker_root": {
                                            "total": 1877.20337589998,