{
    "name": "root",
    "gauges": {
        "SAC_CarAgent6.Policy.Entropy.mean": {
            "value": 1.2823395729064941,
            "min": 1.128564476966858,
            "max": 4.183796405792236,
            "count": 30
        },
        "SAC_CarAgent6.Policy.Entropy.sum": {
            "value": 12822.11328125,
            "min": 11294.6728515625,
            "max": 42699.828125,
            "count": 30
        },
        "SAC_CarAgent6.Step.mean": {
            "value": 299986.0,
            "min": 9986.0,
            "max": 299986.0,
            "count": 30
        },
        "SAC_CarAgent6.Step.sum": {
            "value": 299986.0,
            "min": 9986.0,
            "max": 299986.0,
            "count": 30
        },
        "SAC_CarAgent6.Policy.ExtrinsicValue.mean": {
            "value": 16.541234970092773,
            "min": 1.9565770626068115,
            "max": 16.541234970092773,
            "count": 30
        },
        "SAC_CarAgent6.Policy.ExtrinsicValue.sum": {
            "value": 2828.55126953125,
            "min": 315.0089111328125,
            "max": 3014.09912109375,
            "count": 30
        },
        "SAC_CarAgent6.Losses.PolicyLoss.mean": {
            "value": -50.11558634592998,
            "min": -50.11558634592998,
            "max": -6.539483194994538,
            "count": 30
        },
        "SAC_CarAgent6.Losses.PolicyLoss.sum": {
            "value": -25007.67758661906,
            "min": -25007.67758661906,
            "max": -2916.6095049675637,
            "count": 30
        },
        "SAC_CarAgent6.Losses.ValueLoss.mean": {
            "value": 0.027255787906976033,
            "min": 0.004009447569743811,
            "max": 0.04421177447295437,
            "count": 30
        },
        "SAC_CarAgent6.Losses.ValueLoss.sum": {
            "value": 13.60063816558104,
            "min": 2.016752127581137,
            "max": 22.105887236477187,
            "count": 30
        },
        "SAC_CarAgent6.Losses.Q1Loss.mean": {
            "value": 0.5411264352665924,
            "min": 0.09350520629119907,
            "max": 1.0584998587908774,
            "count": 30
        },
        "SAC_CarAgent6.Losses.Q1Loss.sum": {
            "value": 270.0220911980296,
            "min": 41.70332200587479,
            "max": 528.1914295366478,
            "count": 30
        },
        "SAC_CarAgent6.Losses.Q2Loss.mean": {
            "value": 0.5422330697793103,
            "min": 0.09675120648273283,
            "max": 1.0601123759466866,
            "count": 30
        },
        "SAC_CarAgent6.Losses.Q2Loss.sum": {
            "value": 270.5743018198758,
            "min": 43.151038091298844,
            "max": 528.9960755973966,
            "count": 30
        },
        "SAC_CarAgent6.Policy.DiscreteEntropyCoeff.mean": {
            "value": 0.06264241368036391,
            "min": 0.06264241368036391,
            "max": 0.476744142304728,
            "count": 30
        },
        "SAC_CarAgent6.Policy.DiscreteEntropyCoeff.sum": {
            "value": 31.258564426501593,
            "min": 31.258564426501593,
            "max": 223.76386696611132,
            "count": 30
        },
        "SAC_CarAgent6.Policy.ContinuousEntropyCoeff.mean": {
            "value": 0.5,
            "min": 0.5,
            "max": 0.5,
            "count": 30
        },
        "SAC_CarAgent6.Policy.ContinuousEntropyCoeff.sum": {
            "value": 249.5,
            "min": 223.0,
            "max": 251.5,
            "count": 30
        },
        "SAC_CarAgent6.Policy.LearningRate.mean": {
            "value": 0.0003,
            "min": 0.0003,
            "max": 0.00030000000000000003,
            "count": 30
        },
        "SAC_CarAgent6.Policy.LearningRate.sum": {
            "value": 0.1497,
            "min": 0.1338,
            "max": 0.1509,
            "count": 30
        },
        "SAC_CarAgent6.Environment.EpisodeLength.mean": {
            "value": 294.11764705882354,
            "min": 132.6184210526316,
            "max": 531.125,
            "count": 30
        },
        "SAC_CarAgent6.Environment.EpisodeLength.sum": {
            "value": 10000.0,
            "min": 8498.0,
            "max": 10844.0,
            "count": 30
        },
        "SAC_CarAgent6.Environment.CumulativeReward.mean": {
            "value": 258.66910578222837,
            "min": 115.57073477026704,
            "max": 305.15636813640594,
            "count": 30
        },
        "SAC_CarAgent6.Environment.CumulativeReward.sum": {
            "value": 8794.749596595764,
            "min": 4882.501890182495,
            "max": 9576.318464040756,
            "count": 30
        },
        "SAC_CarAgent6.Policy.ExtrinsicReward.mean": {
            "value": 258.66910578222837,
            "min": 115.57073477026704,
            "max": 305.15636813640594,
            "count": 30
        },
        "SAC_CarAgent6.Policy.ExtrinsicReward.sum": {
            "value": 8794.749596595764,
            "min": 4882.501890182495,
            "max": 9576.318464040756,
            "count": 30
        },
        "SAC_CarAgent6.IsTraining.mean": {
            "value": 1.0,
            "min": 1.0,
            "max": 1.0,
            "count": 30
        },
        "SAC_CarAgent6.IsTraining.sum": {
            "value": 1.0,
            "min": 1.0,
            "max": 1.0,
            "count": 30
        }
    },
    "metadata": {
        "timer_format_version": "0.1.0",
        "start_time_seconds": "1642938660",
        "python_version": "3.6.13 |Anaconda, Inc.| (default, Mar 16 2021, 11:37:27) [MSC v.1916 64 bit (AMD64)]",
        "command_line_arguments": "C:\\Users\\alexc\\anaconda3\\envs\\mlagent_release_18\\Scripts\\mlagents-learn config/SAC_CarAgent6_b512.yaml --run-id=SAC_CarAgent6_b512 --env=builds/SAC_CarAgent6",
        "mlagents_version": "0.27.0",
        "mlagents_envs_version": "0.27.0",
        "communication_protocol_version": "1.5.0",
        "pytorch_version": "1.7.1+cu110",
        "numpy_version": "1.19.5",
        "end_time_seconds": "1642939878"
    },
    "total": 1217.9468126,
    "count": 1,
    "self": 0.22534029999997074,
    "children": {
        "run_training.setup": {
            "total": 0.13494730000000002,
            "count": 1,
            "self": 0.13494730000000002
        },
        "TrainerController.start_learning": {
            "total": 1217.586525,
            "count": 1,
            "self": 0.7588627000056931,
            "children": {
                "TrainerController._reset_env": {
                    "total": 5.8704605,
                    "count": 1,
                    "self": 5.8704605
                },
                "TrainerController.advance": {
                    "total": 1210.838097399994,
                    "count": 34072,
                    "self": 0.6500705999835645,
                    "children": {
                        "env_step": {
                            "total": 387.921519300009,
                            "count": 34072,
                            "self": 161.71327760002202,
                            "children": {
                                "SubprocessEnvManager._take_step": {
                                    "total": 225.77521689999742,
                                    "count": 34072,
                                    "self": 2.247240099994201,
                                    "children": {
                                        "TorchPolicy.evaluate": {
                                            "total": 223.52797680000322,
                                            "count": 33356,
                                            "self": 90.43000809998733,
                                            "children": {
                                                "TorchPolicy.sample_actions": {
                                                    "total": 133.09796870001588,
                                                    "count": 33356,