{
    "name": "root",
    "gauges": {
        "SAC_CarAgent6.Policy.Entropy.mean": {
            "value": 1.2329235076904297,
            "min": 0.9753074645996094,
            "max": 4.132104396820068,
            "count": 50
        },
        "SAC_CarAgent6.Policy.Entropy.sum": {
            "value": 12289.78125,
            "min": 9706.259765625,
            "max": 42312.75,
            "count": 50
        },
        "SAC_CarAgent6.Step.mean": {
            "value": 499949.0,
            "min": 9984.0,
            "max": 499949.0,
            "count": 50
        },
        "SAC_CarAgent6.Step.sum": {
            "value": 499949.0,
            "min": 9984.0,
            "max": 499949.0,
            "count": 50
        },
        "SAC_CarAgent6.Policy.ExtrinsicValue.mean": {
            "value": 21.94679069519043,
            "min": 1.9634557962417603,
            "max": 22.055572509765625,
            "count": 50
        },
        "SAC_CarAgent6.Policy.ExtrinsicValue.sum": {
            "value": 3533.433349609375,
            "min": 306.2991027832031,
            "max": 3550.947021484375,
            "count": 50
        },
        "SAC_CarAgent6.Losses.PolicyLoss.mean": {
            "value": -65.04707978188651,
            "min": -65.19767789655413,
            "max": -6.874874220575209,
            "count": 50
        },
        "SAC_CarAgent6.Losses.PolicyLoss.sum": {
            "value": -32523.539890943255,
            "min": -32953.62123613055,
            "max": -2818.6984304358357,
            "count": 50
        },
        "SAC_CarAgent6.Losses.ValueLoss.mean": {
            "value": 0.015188641826918215,
            "min": 0.003553757176846488,
            "max": 0.07602546368366499,
            "count": 50
        },
        "SAC_CarAgent6.Losses.ValueLoss.sum": {
            "value": 7.594320913459108,
            "min": 1.7768785884232439,
            "max": 36.40048441862436,
            "count": 50
        },
        "SAC_CarAgent6.Losses.Q1Loss.mean": {
            "value": 0.07805554217603279,
            "min": 0.03537342877680923,
            "max": 0.33006504040441215,
            "count": 50
        },
        "SAC_CarAgent6.Losses.Q1Loss.sum": {
            "value": 39.027771088016394,
            "min": 17.686714388404617,
            "max": 164.70245516180165,
            "count": 50
        },
        "SAC_CarAgent6.Losses.Q2Loss.mean": {
            "value": 0.07660032543712074,
            "min": 0.03512335445875679,
            "max": 0.3261467061479326,
            "count": 50
        },
        "SAC_CarAgent6.Losses.Q2Loss.sum": {
            "value": 38.30016271856037,
            "min": 17.561677229378397,
            "max": 162.74720636781836,
            "count": 50
        },
        "SAC_CarAgent6.Policy.DiscreteEntropyCoeff.mean": {
            "value": 0.06745891021802312,
            "min": 0.04780666616611362,
            "max": 0.48089192487810956,
            "count": 50
        },
        "SAC_CarAgent6.Policy.DiscreteEntropyCoeff.sum": {
            "value": 33.72945510901156,
            "min": 23.951139749222925,
            "max": 225.24410803939404,
            "count": 50
        },
        "SAC_CarAgent6.Policy.ContinuousEntropyCoeff.mean": {
            "value": 0.5,
            "min": 0.5,
            "max": 0.5,
            "count": 50
        },
        "SAC_CarAgent6.Policy.ContinuousEntropyCoeff.sum": {
            "value": 250.0,
            "min": 205.0,
            "max": 272.0,
            "count": 50
        },
        "SAC_CarAgent6.Policy.LearningRate.mean": {
            "value": 0.0003,
            "min": 0.0002999999999999999,
            "max": 0.00030000000000000003,
            "count": 50
        },
        "SAC_CarAgent6.Policy.LearningRate.sum": {
            "value": 0.15,
            "min": 0.12299999999999997,
            "max": 0.16319999999999998,
            "count": 50
        },
        "SAC_CarAgent6.IsTraining.mean": {
            "value": 1.0,
            "min": 1.0,
            "max": 1.0,
            "count": 50
        },
        "SAC_CarAgent6.IsTraining.sum": {
            "value": 1.0,
            "min": 1.0,
            "max": 1.0,
            "count": 50
        },
        "SAC_CarAgent6.Environment.EpisodeLength.mean": {
            "value": 708.7333333333333,
            "min": 579.9166666666666,
            "max": 749.0,
            "count": 49
        },
        "SAC_CarAgent6.Environment.EpisodeLength.sum": {
            "value": 10631.0,
            "min": 6959.0,
            "max": 12761.0,
            "count": 49
        },
        "SAC_CarAgent6.Environment.CumulativeReward.mean": {
            "value": 767.7345863978068,
            "min": 375.34508524338406,
            "max": 820.025978905814,
            "count": 49
        },
        "SAC_CarAgent6.Environment.CumulativeReward.sum": {
            "value": 11516.018795967102,
            "min": 4504.1410229206085,
            "max": 12419.655862808228,
            "count": 49
        },
        "SAC_CarAgent6.Policy.ExtrinsicReward.mean": {
            "value": 767.7345863978068,
            "min": 375.34508524338406,
            "max": 820.025978905814,
            "count": 49
        },
        "SAC_CarAgent6.Policy.ExtrinsicReward.sum": {
            "value": 11516.018795967102,
            "min": 4504.1410229206085,
            "max": 12419.655862808228,
            "count": 49
        }
    },
    "metadata": {
        "timer_format_version": "0.1.0",
        "start_time_seconds": "1643140746",
        "python_version": "3.6.13 |Anaconda, Inc.| (default, Mar 16 2021, 11:37:27) [MSC v.1916 64 bit (AMD64)]",
        "command_line_arguments": "C:\\Users\\alexc\\anaconda3\\envs\\mlagent_release_18\\Scripts\\mlagents-learn config/SAC/SAC_CarAgent6_b1024_n128_s20.yaml --run-id=SAC_CarAgent6_5_b1024_n128_s20_v2 --env=builds/SAC_CarAgent6",
        "mlagents_version": "0.27.0",
        "mlagents_envs_version": "0.27.0",
        "communication_protocol_version": "1.5.0",
        "pytorch_version": "1.7.1+cu110",
        "numpy_version": "1.19.5",
        "end_time_seconds": "1643142953"
    },
    "total": 2207.0148262000002,
    "count": 1,
    "self": 1.0703020000000834,
    "children": {
        "run_training.setup": {
            "total": 0.0818754,
            "count": 1,
            "self": 0.0818754
        },
        "TrainerController.start_learning": {
            "total": 2205.8626488,
            "count": 1,
            "self": 0.6400726000038048,
            "children": {
                "TrainerController._reset_env": {
                    "total": 7.9101009,
                    "count": 1,
                    "self": 7.9101009
                },
                "TrainerController.advance": {
                    "total": 2197.203870599996,
                    "count": 31847,
                    "self": 0.5542810000065401,
                    "children": {
                        "env_step": {
                            "total": 307.92997599997125,
                            "count": 31847,
                            "self": 175.7430635999666,
                            "children": {
                                "SubprocessEnvManager._take_step": {
                                    "total": 131.82419850000792,
                                    "count": 31847,
                                    "self": 1.7084775000365369,
                                    "children": {
                                        "TorchPolicy.evaluate": {
                                            "total": 130.1157209999714,
                                            "count": 31277,
                                            "self": 37.91983119997215,
                                            "children": {
                                                "TorchPolicy.sample_actions": {
                                                    "total": 92.19588979999924,