{
    "name": "root",
    "gauges": {
        "CarAgent1.Policy.Entropy.mean": {
            "value": 1.6415698528289795,
            "min": 1.6415698528289795,
            "max": 2.0482475757598877,
            "count": 5
        },
        "CarAgent1.Policy.Entropy.sum": {
            "value": 164944.9375,
            "min": 164944.9375,
            "max": 205807.90625,
            "count": 5
        },
        "CarAgent1.Step.mean": {
            "value": 499968.0,
            "min": 99968.0,
            "max": 499968.0,
            "count": 5
        },
        "CarAgent1.Step.sum": {
            "value": 499968.0,
            "min": 99968.0,
            "max": 499968.0,
            "count": 5
        },
        "CarAgent1.Policy.ExtrinsicValueEstimate.mean": {
            "value": -37.464420318603516,
            "min": -37.464420318603516,
            "max": -8.942261695861816,
            "count": 5
        },
        "CarAgent1.Policy.ExtrinsicValueEstimate.sum": {
            "value": -59680.8203125,
            "min": -59680.8203125,
            "max": -14236.0810546875,
            "count": 5
        },
        "CarAgent1.Losses.PolicyLoss.mean": {
            "value": 0.049115327450653105,
            "min": 0.04837035107334379,
            "max": 0.051954846727692267,
            "count": 5
        },
        "CarAgent1.Losses.PolicyLoss.sum": {
            "value": 0.44203794705587796,
            "min": 0.4353331596600941,
            "max": 0.46759362054923037,
            "count": 5
        },
        "CarAgent1.Losses.ValueLoss.mean": {
            "value": 110.72946791145135,
            "min": 1.0185678053496763,
            "max": 110.72946791145135,
            "count": 5
        },
        "CarAgent1.Losses.ValueLoss.sum": {
            "value": 996.5652112030622,
            "min": 9.167110248147086,
            "max": 996.5652112030622,
            "count": 5
        },
        "CarAgent1.Policy.LearningRate.mean": {
            "value": 2.9177690274133326e-05,
            "min": 2.9177690274133326e-05,
            "max": 0.00026672001109333325,
            "count": 5
        },
        "CarAgent1.Policy.LearningRate.sum": {
            "value": 0.00026259921246719995,
            "min": 0.00026259921246719995,
            "max": 0.002400480099839999,
            "count": 5
        },
        "CarAgent1.Policy.Epsilon.mean": {
            "value": 0.10972586666666669,
            "min": 0.10972586666666669,
            "max": 0.18890666666666667,
            "count": 5
        },
        "CarAgent1.Policy.Epsilon.sum": {
            "value": 0.9875328000000002,
            "min": 0.9875328000000002,
            "max": 1.7001600000000001,
            "count": 5
        },
        "CarAgent1.Policy.Beta.mean": {
            "value": 5.765674666666665e-05,
            "min": 5.765674666666665e-05,
            "max": 0.00044564266666666664,
            "count": 5
        },
        "CarAgent1.Policy.Beta.sum": {
            "value": 0.0005189107199999999,
            "min": 0.0005189107199999999,
            "max": 0.004010784,
            "count": 5
        },
        "CarAgent1.Environment.EpisodeLength.mean": {
            "value": 2499.0,
            "min": 2499.0,
            "max": 2499.0,
            "count": 5
        },
        "CarAgent1.Environment.EpisodeLength.sum": {
            "value": 79968.0,
            "min": 79968.0,
            "max": 119952.0,
            "count": 5
        },
        "CarAgent1.Environment.CumulativeReward.mean": {
            "value": -1436.6666232753885,
            "min": -1436.6666232753885,
            "max": -377.4042781153892,
            "count": 5
        },
        "CarAgent1.Environment.CumulativeReward.sum": {
            "value": -47409.998568087816,
            "min": -50335.6987336576,
            "max": -12848.000794708729,
            "count": 5
        },
        "CarAgent1.Policy.ExtrinsicReward.mean": {
            "value": -1436.6666232753885,
            "min": -1436.6666232753885,
            "max": -377.4042781153892,
            "count": 5
        },
        "CarAgent1.Policy.ExtrinsicReward.sum": {
            "value": -47409.998568087816,
            "min": -50335.6987336576,
            "max": -12848.000794708729,
            "count": 5
        },
        "CarAgent1.IsTraining.mean": {
            "value": 1.0,
            "min": 1.0,
            "max": 1.0,
            "count": 5
        },
        "CarAgent1.IsTraining.sum": {
            "value": 1.0,
            "min": 1.0,
            "max": 1.0,
            "count": 5
        }
    },
    "metadata": {
        "timer_format_version": "0.1.0",
        "start_time_seconds": "1641991426",
        "python_version": "3.6.13 |Anaconda, Inc.| (default, Mar 16 2021, 11:37:27) [MSC v.1916 64 bit (AMD64)]",
        "command_line_arguments": "C:\\Users\\alexc\\anaconda3\\envs\\unity_ml_full\\Scripts\\mlagents-learn config/CarAgent1.yaml --run-id=CarAgent2 --env=builds/CarAgent1",
        "mlagents_version": "0.27.0",
        "mlagents_envs_version": "0.27.0",
        "communication_protocol_version": "1.5.0",
        "pytorch_version": "1.7.1+cu110",
        "numpy_version": "1.19.5",
        "end_time_seconds": "1641994091"
    },
    "total": 2664.5563396000002,
    "count": 1,
    "self": 1.4035494000004292,
    "children": {
        "run_training.setup": {
            "total": 0.1186169,
            "count": 1,
            "self": 0.1186169
        },
        "TrainerController.start_learning": {
            "total": 2663.0341733,
            "count": 1,
            "self": 0.6698411000193119,
            "children": {
                "TrainerController._reset_env": {
                    "total": 11.1237126,
                    "count": 1,
                    "self": 11.1237126
                },
                "TrainerController.advance": {
                    "total": 2651.051623799981,
                    "count": 31280,
                    "self": 0.6154224000188151,
                    "children": {
                        "env_step": {
                            "total": 2235.994113899965,
                            "count": 31280,
                            "self": 2086.5374169999886,
                            "children": {
                                "SubprocessEnvManager._take_step": {
                                    "total": 148.82426549999232,
                                    "count": 31280,
                                    "self": 1.8320835000085367,
                                    "children": {
                                        "TorchPolicy.evaluate": {
                                            "total": 146.99218199998379,
                                            "count": 31280,
                                            "self": 67.51036729997844,
                                            "children": {
                                                "TorchPolicy.sample_actions": {
                                                    "total": 79.48181470000534,
                                                    "count": 31280,
                                                    "self": 79.48181470000534
                                                }
                                            }
                                        }
                                    }
                                },
                                "workers": {
                                    "total": 0.6324313999842719,
                                    "count": 31280,
                                    "self": 0.0,
                                    "children": {
                                        "worker_root": {
                                            "total": 2647.293805100011,
                                            "count": 31280,
                                            "is_parallel": true,