{
    "name": "root",
    "gauges": {
        "CarAgent3.Policy.Entropy.mean": {
            "value": 1.4035638570785522,
            "min": 1.4035638570785522,
            "max": 1.4194567203521729,
            "count": 4
        },
        "CarAgent3.Policy.Entropy.sum": {
            "value": 28071.27734375,
            "min": 28071.27734375,
            "max": 28389.134765625,
            "count": 4
        },
        "CarAgent3.Step.mean": {
            "value": 79960.0,
            "min": 19960.0,
            "max": 79960.0,
            "count": 4
        },
        "CarAgent3.Step.sum": {
            "value": 79960.0,
            "min": 19960.0,
            "max": 79960.0,
            "count": 4
        },
        "CarAgent3.Policy.ExtrinsicValueEstimate.mean": {
            "value": -250.2469940185547,
            "min": -250.2469940185547,
            "max": -37.26573944091797,
            "count": 4
        },
        "CarAgent3.Policy.ExtrinsicValueEstimate.sum": {
            "value": -80079.0390625,
            "min": -80079.0390625,
            "max": -11887.771484375,
            "count": 4
        },
        "CarAgent3.Environment.EpisodeLength.mean": {
            "value": 999.0,
            "min": 999.0,
            "max": 999.0,
            "count": 4
        },
        "CarAgent3.Environment.EpisodeLength.sum": {
            "value": 19980.0,
            "min": 19980.0,
            "max": 19980.0,
            "count": 4
        },
        "CarAgent3.Environment.CumulativeReward.mean": {
            "value": -3994.646745300293,
            "min": -3994.646745300293,
            "max": -3992.843173980713,
            "count": 4
        },
        "CarAgent3.Environment.CumulativeReward.sum": {
            "value": -79892.93490600586,
            "min": -79892.93490600586,
            "max": -75865.69969177246,
            "count": 4
        },
        "CarAgent3.Policy.ExtrinsicReward.mean": {
            "value": -3994.646745300293,
            "min": -3994.646745300293,
            "max": -3992.843173980713,
            "count": 4
        },
        "CarAgent3.Policy.ExtrinsicReward.sum": {
            "value": -79892.93490600586,
            "min": -79892.93490600586,
            "max": -75865.69969177246,
            "count": 4
        },
        "CarAgent3.Losses.PolicyLoss.mean": {
            "value": 0.0337236425011118,
            "min": 0.030068250788463046,
            "max": 0.03660678806287858,
            "count": 4
        },
        "CarAgent3.Losses.PolicyLoss.sum": {
            "value": 0.0674472850022236,
            "min": 0.031864814423412706,
            "max": 0.07321357612575716,
            "count": 4
        },
        "CarAgent3.Losses.ValueLoss.mean": {
            "value": 1885.4448791503905,
            "min": 1885.4448791503905,
            "max": 4654.730114746094,
            "count": 4
        },
        "CarAgent3.Losses.ValueLoss.sum": {
            "value": 3770.889758300781,
            "min": 3770.889758300781,
            "max": 6511.0742065429695,
            "count": 4
        },
        "CarAgent3.Policy.LearningRate.mean": {
            "value": 0.00026623201125599997,
            "min": 0.00026623201125599997,
            "max": 0.00029484800171733337,
            "count": 4
        },
        "CarAgent3.Policy.LearningRate.sum": {
            "value": 0.0005324640225119999,
            "min": 0.00029484800171733337,
            "max": 0.0005740800086400002,
            "count": 4
        },
        "CarAgent3.Policy.Epsilon.mean": {
            "value": 0.18874400000000005,
            "min": 0.18874400000000005,
            "max": 0.1982826666666667,
            "count": 4
        },
        "CarAgent3.Policy.Epsilon.sum": {
            "value": 0.3774880000000001,
            "min": 0.1982826666666667,
            "max": 0.39136000000000004,
            "count": 4
        },
        "CarAgent3.Policy.Beta.mean": {
            "value": 0.0004448456,
            "min": 0.0004448456,
            "max": 0.0004915850666666668,
            "count": 4
        },
        "CarAgent3.Policy.Beta.sum": {
            "value": 0.0008896912,
            "min": 0.0004915850666666668,
            "max": 0.000957664,
            "count": 4
        },
        "CarAgent3.IsTraining.mean": {
            "value": 1.0,
            "min": 1.0,
            "max": 1.0,
            "count": 4
        },
        "CarAgent3.IsTraining.sum": {
            "value": 1.0,
            "min": 1.0,
            "max": 1.0,
            "count": 4
        }
    },
    "metadata": {
        "timer_format_version": "0.1.0",
        "start_time_seconds": "1642087223",
        "python_version": "3.6.13 |Anaconda, Inc.| (default, Mar 16 2021, 11:37:27) [MSC v.1916 64 bit (AMD64)]",
        "command_line_arguments": "C:\\Users\\alexc\\anaconda3\\envs\\unity_ml_full\\Scripts\\mlagents-learn config/CarAgent3raycast.yaml --run-id=CarAgent3_1 --force",
        "mlagents_version": "0.27.0",
        "mlagents_envs_version": "0.27.0",
        "communication_protocol_version": "1.5.0",
        "pytorch_version": "1.7.1+cu110",
        "numpy_version": "1.19.5",
        "end_time_seconds": "1642087383"
    },
    "total": 159.2520484,
    "count": 1,
    "self": 0.005369599999994534,
    "children": {
        "run_training.setup": {
            "total": 0.08288859999999999,
            "count": 1,
            "self": 0.08288859999999999
        },
        "TrainerController.start_learning": {
            "total": 159.16379020000002,
            "count": 1,
            "self": 0.31574669999918115,
            "children": {
                "TrainerController._reset_env": {
                    "total": 3.5044393,
                    "count": 1,
                    "self": 3.5044393
                },
                "TrainerController.advance": {
                    "total": 155.27158260000084,
                    "count": 23047,
                    "self": 0.3066257999983577,
                    "children": {
                        "env_step": {
                            "total": 130.44414230000217,
                            "count": 23047,
                            "self": 98.45922450000137,
                            "children": {
                                "SubprocessEnvManager._take_step": {
                                    "total": 31.781261600000438,
                                    "count": 23047,
                                    "self": 0.9802260999998644,
                                    "children": {
                                        "TorchPolicy.evaluate": {
                                            "total": 30.801035500000573,
                                            "count": 23045,
                                            "self": 16.192256999999714,
                                            "children": {
                                                "TorchPolicy.sample_actions": {
                                                    "total": 14.60877850000086,
                                                    "count": 23045,
                                                    "self": 14.60877850000086
                                                }
                                            }
                                        }
                                    }
                                },
                                "workers": {
                                    "total": 0.20365620000036389,
                                    "count": 23046,
                                    "self": 0.0,
                                    "children": {
                                        "worker_root": {
                                            "total": 153.82208740000158,
                                            "count": 23046,
                                            "is_parallel": true,