{
    "name": "root",
    "gauges": {
        "SAC_CarAgent6.Policy.Entropy.mean": {
            "value": 1.0794018507003784,
            "min": 0.8740881085395813,
            "max": 3.9533848762512207,
            "count": 50
        },
        "SAC_CarAgent6.Policy.Entropy.sum": {
            "value": 10841.5126953125,
            "min": 8708.5400390625,
            "max": 40348.24609375,
            "count": 50
        },
        "SAC_CarAgent6.Step.mean": {
            "value": 499972.0,
            "min": 9950.0,
            "max": 499972.0,
            "count": 50
        },
        "SAC_CarAgent6.Step.sum": {
            "value": 499972.0,
            "min": 9950.0,
            "max": 499972.0,
            "count": 50
        },
        "SAC_CarAgent6.Policy.ExtrinsicValue.mean": {
            "value": 21.92999267578125,
            "min": 3.013118028640747,
            "max": 21.92999267578125,
            "count": 50
        },
        "SAC_CarAgent6.Policy.ExtrinsicValue.sum": {
            "value": 3508.798828125,
            "min": 476.0726318359375,
            "max": 3616.96826171875,
            "count": 50
        },
        "SAC_CarAgent6.Losses.PolicyLoss.mean": {
            "value": -65.1774104309691,
            "min": -65.1774104309691,
            "max": -9.602737665384794,
            "count": 50
        },
        "SAC_CarAgent6.Losses.PolicyLoss.sum": {
            "value": -65242.587841400076,
            "min": -65242.587841400076,
            "max": -8277.559867561693,
            "count": 50
        },
        "SAC_CarAgent6.Losses.ValueLoss.mean": {
            "value": 0.005680458653715091,
            "min": 0.005565870073870411,
            "max": 0.05282293202398272,
            "count": 50
        },
        "SAC_CarAgent6.Losses.ValueLoss.sum": {
            "value": 5.686139112368806,
            "min": 5.5608192155076,
            "max": 47.8699563998729,
            "count": 50
        },
        "SAC_CarAgent6.Losses.Q1Loss.mean": {
            "value": 0.04749668963421466,
            "min": 0.04749668963421466,
            "max": 0.30158199711419637,
            "count": 50
        },
        "SAC_CarAgent6.Losses.Q1Loss.sum": {
            "value": 47.544186323848876,
            "min": 47.544186323848876,
            "max": 301.28041511708216,
            "count": 50
        },
        "SAC_CarAgent6.Losses.Q2Loss.mean": {
            "value": 0.04863522495618437,
            "min": 0.04863522495618437,
            "max": 0.30427171905679795,
            "count": 50
        },
        "SAC_CarAgent6.Losses.Q2Loss.sum": {
            "value": 48.68386018114056,
            "min": 48.68386018114056,
            "max": 303.96744733774113,
            "count": 50
        },
        "SAC_CarAgent6.Policy.DiscreteEntropyCoeff.mean": {
            "value": 0.08647270716317607,
            "min": 0.08647270716317607,
            "max": 0.4632697821589357,
            "count": 50
        },
        "SAC_CarAgent6.Policy.DiscreteEntropyCoeff.sum": {
            "value": 86.55917987033924,
            "min": 86.55917987033924,
            "max": 425.8346393820416,
            "count": 50
        },
        "SAC_CarAgent6.Policy.ContinuousEntropyCoeff.mean": {
            "value": 0.5,
            "min": 0.5,
            "max": 0.5,
            "count": 50
        },
        "SAC_CarAgent6.Policy.ContinuousEntropyCoeff.sum": {
            "value": 500.5,
            "min": 431.0,
            "max": 511.5,
            "count": 50
        },
        "SAC_CarAgent6.Policy.LearningRate.mean": {
            "value": 0.00030000000000000003,
            "min": 0.0002999999999999999,
            "max": 0.00030000000000000003,
            "count": 50
        },
        "SAC_CarAgent6.Policy.LearningRate.sum": {
            "value": 0.3003,
            "min": 0.2586,
            "max": 0.3069,
            "count": 50
        },
        "SAC_CarAgent6.Environment.EpisodeLength.mean": {
            "value": 749.0,
            "min": 379.0769230769231,
            "max": 749.0,
            "count": 50
        },
        "SAC_CarAgent6.Environment.EpisodeLength.sum": {
            "value": 10486.0,
            "min": 6741.0,
            "max": 12748.0,
            "count": 50
        },
        "SAC_CarAgent6.Environment.CumulativeReward.mean": {
            "value": 817.1240524878868,
            "min": 331.4595980490408,
            "max": 817.1240524878868,
            "count": 50
        },
        "SAC_CarAgent6.Environment.CumulativeReward.sum": {
            "value": 10622.61268234253,
            "min": 4514.420724868774,
            "max": 12833.305616378784,
            "count": 50
        },
        "SAC_CarAgent6.Policy.ExtrinsicReward.mean": {
            "value": 817.1240524878868,
            "min": 331.4595980490408,
            "max": 817.1240524878868,
            "count": 50
        },
        "SAC_CarAgent6.Policy.ExtrinsicReward.sum": {
            "value": 10622.61268234253,
            "min": 4514.420724868774,
            "max": 12833.305616378784,
            "count": 50
        },
        "SAC_CarAgent6.IsTraining.mean": {
            "value": 1.0,
            "min": 1.0,
            "max": 1.0,
            "count": 50
        },
        "SAC_CarAgent6.IsTraining.sum": {
            "value": 1.0,
            "min": 1.0,
            "max": 1.0,
            "count": 50
        }
    },
    "metadata": {
        "timer_format_version": "0.1.0",
        "start_time_seconds": "1643032816",
        "python_version": "3.6.13 |Anaconda, Inc.| (default, Mar 16 2021, 11:37:27) [MSC v.1916 64 bit (AMD64)]",
        "command_line_arguments": "C:\\Users\\alexc\\anaconda3\\envs\\mlagent_release_18\\Scripts\\mlagents-learn config/SAC_CarAgent6_test3.yaml --run-id=SAC_CarAgent6_test3 --env=builds/SAC_CarAgent6",
        "mlagents_version": "0.27.0",
        "mlagents_envs_version": "0.27.0",
        "communication_protocol_version": "1.5.0",
        "pytorch_version": "1.7.1+cu110",
        "numpy_version": "1.19.5",
        "end_time_seconds": "1643036665"
    },
    "total": 3849.1176731,
    "count": 1,
    "self": 0.2856686999998601,
    "children": {
        "run_training.setup": {
            "total": 0.09454219999999999,
            "count": 1,
            "self": 0.09454219999999999
        },
        "TrainerController.start_learning": {
            "total": 3848.7374622,
            "count": 1,
            "self": 1.002295799964486,
            "children": {
                "TrainerController._reset_env": {
                    "total": 5.7873649,
                    "count": 1,
                    "self": 5.7873649
                },
                "TrainerController.advance": {
                    "total": 3841.843880800036,
                    "count": 56133,
                    "self": 0.9022136000567116,
                    "children": {
                        "env_step": {
                            "total": 435.8030186999572,
                            "count": 56133,
                            "self": 231.25538659992256,
                            "children": {
                                "SubprocessEnvManager._take_step": {
                                    "total": 203.96700270001236,
                                    "count": 56133,
                                    "self": 2.593688499990094,
                                    "children": {
                                        "TorchPolicy.evaluate": {
                                            "total": 201.37331420002226,
                                            "count": 55589,
                                            "self": 53.94270900001737,
                                            "children": {
                                                "TorchPolicy.sample_actions": {
                                                    "total": 147.4306052000049,