{
    "name": "root",
    "gauges": {
        "CarAgent4.Policy.Entropy.mean": {
            "value": 3.431741237640381,
            "min": 3.4287071228027344,
            "max": 5.166272163391113,
            "count": 30
        },
        "CarAgent4.Policy.Entropy.sum": {
            "value": 206124.109375,
            "min": 205502.984375,
            "max": 311464.21875,
            "count": 30
        },
        "CarAgent4.Step.mean": {
            "value": 1799953.0,
            "min": 59968.0,
            "max": 1799953.0,
            "count": 30
        },
        "CarAgent4.Step.sum": {
            "value": 1799953.0,
            "min": 59968.0,
            "max": 1799953.0,
            "count": 30
        },
        "CarAgent4.Policy.ExtrinsicValueEstimate.mean": {
            "value": 45.08131790161133,
            "min": -57.65455627441406,
            "max": 45.08131790161133,
            "count": 30
        },
        "CarAgent4.Policy.ExtrinsicValueEstimate.sum": {
            "value": 43368.2265625,
            "min": -55406.02734375,
            "max": 43368.2265625,
            "count": 30
        },
        "CarAgent4.Losses.PolicyLoss.mean": {
            "value": 0.03585552665749371,
            "min": 0.030994794422386146,
            "max": 0.03785806183556031,
            "count": 30
        },
        "CarAgent4.Losses.PolicyLoss.sum": {
            "value": 0.17927763328746854,
            "min": 0.16654907848327033,
            "max": 0.22714837101336183,
            "count": 30
        },
        "CarAgent4.Losses.ValueLoss.mean": {
            "value": 1100.7291163126629,
            "min": 5.8552507637899165,
            "max": 1100.7291163126629,
            "count": 30
        },
        "CarAgent4.Losses.ValueLoss.sum": {
            "value": 5503.645581563314,
            "min": 29.27625381894958,
            "max": 6501.070850626627,
            "count": 30
        },
        "CarAgent4.Policy.LearningRate.mean": {
            "value": 5.1208316264222225e-06,
            "min": 5.1208316264222225e-06,
            "max": 0.00029447040184319996,
            "count": 30
        },
        "CarAgent4.Policy.LearningRate.sum": {
            "value": 2.5604158132111112e-05,
            "min": 2.5604158132111112e-05,
            "max": 0.0016513280495573334,
            "count": 30
        },
        "CarAgent4.Policy.Epsilon.mean": {
            "value": 0.10170691111111112,
            "min": 0.10170691111111112,
            "max": 0.19815680000000002,
            "count": 30
        },
        "CarAgent4.Policy.Epsilon.sum": {
            "value": 0.5085345555555556,
            "min": 0.5085345555555556,
            "max": 1.1504426666666665,
            "count": 30
        },
        "CarAgent4.Policy.Beta.mean": {
            "value": 9.517486444444445e-05,
            "min": 9.517486444444445e-05,
            "max": 0.004908024320000001,
            "count": 30
        },
        "CarAgent4.Policy.Beta.sum": {
            "value": 0.00047587432222222226,
            "min": 0.00047587432222222226,
            "max": 0.02752708906666667,
            "count": 30
        },
        "CarAgent4.Environment.EpisodeLength.mean": {
            "value": 948.8888888888889,
            "min": 706.5681818181819,
            "max": 999.0,
            "count": 30
        },
        "CarAgent4.Environment.EpisodeLength.sum": {
            "value": 59780.0,
            "min": 47952.0,
            "max": 64444.0,
            "count": 30
        },
        "CarAgent4.Environment.CumulativeReward.mean": {
            "value": 387.5317547548385,
            "min": -1046.7000391085942,
            "max": 434.49334717988967,
            "count": 30
        },
        "CarAgent4.Environment.CumulativeReward.sum": {
            "value": 24414.500549554825,
            "min": -50241.601877212524,
            "max": 26069.60083079338,
            "count": 30
        },
        "CarAgent4.Policy.ExtrinsicReward.mean": {
            "value": 387.5317547548385,
            "min": -1046.7000391085942,
            "max": 434.49334717988967,
            "count": 30
        },
        "CarAgent4.Policy.ExtrinsicReward.sum": {
            "value": 24414.500549554825,
            "min": -50241.601877212524,
            "max": 26069.60083079338,
            "count": 30
        },
        "CarAgent4.IsTraining.mean": {
            "value": 1.0,
            "min": 1.0,
            "max": 1.0,
            "count": 30
        },
        "CarAgent4.IsTraining.sum": {
            "value": 1.0,
            "min": 1.0,
            "max": 1.0,
            "count": 30
        }
    },
    "metadata": {
        "timer_format_version": "0.1.0",
        "start_time_seconds": "1642280062",
        "python_version": "3.6.13 |Anaconda, Inc.| (default, Mar 16 2021, 11:37:27) [MSC v.1916 64 bit (AMD64)]",
        "command_line_arguments": "C:\\Users\\alexc\\anaconda3\\envs\\unity_ml_full\\Scripts\\mlagents-learn config/CarAgent4_5.yaml --run-id=CarAgent4_5 --env=builds/CarAgent4_parking",
        "mlagents_version": "0.27.0",
        "mlagents_envs_version": "0.27.0",
        "communication_protocol_version": "1.5.0",
        "pytorch_version": "1.7.1+cu110",
        "numpy_version": "1.19.5",
        "end_time_seconds": "1642282271"
    },
    "total": 2209.5738028,
    "count": 1,
    "self": 1.3572434000002431,
    "children": {
        "run_training.setup": {
            "total": 0.3322391,
            "count": 1,
            "self": 0.3322391
        },
        "TrainerController.start_learning": {
            "total": 2207.8843202999997,
            "count": 1,
            "self": 2.5306921000028524,
            "children": {
                "TrainerController._reset_env": {
                    "total": 103.7936632,
                    "count": 1,
                    "self": 103.7936632
                },
                "TrainerController.advance": {
                    "total": 2101.447177199997,
                    "count": 114094,
                    "self": 2.3719586999222884,
                    "children": {
                        "env_step": {
                            "total": 1411.0162291000188,
                            "count": 114094,
                            "self": 755.6897022999391,
                            "children": {
                                "SubprocessEnvManager._take_step": {
                                    "total": 653.7568771000033,
                                    "count": 114094,
                                    "self": 7.5663874000406395,
                                    "children": {
                                        "TorchPolicy.evaluate": {
                                            "total": 646.1904896999627,
                                            "count": 112535,
                                            "self": 219.06145509996907,
                                            "children": {
                                                "TorchPolicy.sample_actions": {
                                                    "total": 427.1290345999936,
                                                    "count": 112535,
                                                    "self": 427.1290345999936
                                                }
                                            }
                                        }
                                    }
                                },
                                "workers": {
                                    "total": 1.5696497000764111,
                                    "count": 114094,
                                    "self": 0.0,
                                    "children": {
                                        "worker_root": {
                                            "total": 2196.0024155999768,
                                            "count": 114094,