{
    "name": "root",
    "gauges": {
        "SAC_CarAgent6.Policy.Entropy.mean": {
            "value": 1.2950998544692993,
            "min": 0.9071762561798096,
            "max": 4.116815567016602,
            "count": 50
        },
        "SAC_CarAgent6.Policy.Entropy.sum": {
            "value": 12996.3271484375,
            "min": 9070.85546875,
            "max": 42016.21875,
            "count": 50
        },
        "SAC_CarAgent6.Step.mean": {
            "value": 499962.0,
            "min": 9950.0,
            "max": 499962.0,
            "count": 50
        },
        "SAC_CarAgent6.Step.sum": {
            "value": 499962.0,
            "min": 9950.0,
            "max": 499962.0,
            "count": 50
        },
        "SAC_CarAgent6.Policy.ExtrinsicValue.mean": {
            "value": 20.725553512573242,
            "min": 1.6597297191619873,
            "max": 21.223663330078125,
            "count": 50
        },
        "SAC_CarAgent6.Policy.ExtrinsicValue.sum": {
            "value": 3336.81396484375,
            "min": 262.2373046875,
            "max": 3438.2333984375,
            "count": 50
        },
        "SAC_CarAgent6.Losses.PolicyLoss.mean": {
            "value": -53.925664616721015,
            "min": -61.097728881200155,
            "max": -6.291337410801683,
            "count": 50
        },
        "SAC_CarAgent6.Losses.PolicyLoss.sum": {
            "value": -26962.832308360506,
            "min": -30548.86444060008,
            "max": -2711.566424055525,
            "count": 50
        },
        "SAC_CarAgent6.Losses.ValueLoss.mean": {
            "value": 0.021399388052986582,
            "min": 0.00878454413078071,
            "max": 0.1409032377162919,
            "count": 50
        },
        "SAC_CarAgent6.Losses.ValueLoss.sum": {
            "value": 10.69969402649329,
            "min": 4.418625697782697,
            "max": 70.59252209586224,
            "count": 50
        },
        "SAC_CarAgent6.Losses.Q1Loss.mean": {
            "value": 0.09420814588403419,
            "min": 0.05493233221630759,
            "max": 0.5689836421712523,
            "count": 50
        },
        "SAC_CarAgent6.Losses.Q1Loss.sum": {
            "value": 47.10407294201709,
            "min": 27.630963104802717,
            "max": 284.49182108562616,
            "count": 50
        },
        "SAC_CarAgent6.Losses.Q2Loss.mean": {
            "value": 0.09421559134800697,
            "min": 0.05504640478894892,
            "max": 0.5624815137824132,
            "count": 50
        },
        "SAC_CarAgent6.Losses.Q2Loss.sum": {
            "value": 47.107795674003484,
            "min": 27.688341608841306,
            "max": 281.2407568912066,
            "count": 50
        },
        "SAC_CarAgent6.Policy.DiscreteEntropyCoeff.mean": {
            "value": 0.10141548874477545,
            "min": 0.10141548874477545,
            "max": 0.4792776997090613,
            "count": 50
        },
        "SAC_CarAgent6.Policy.DiscreteEntropyCoeff.sum": {
            "value": 50.70774437238772,
            "min": 50.70774437238772,
            "max": 229.59145028905743,
            "count": 50
        },
        "SAC_CarAgent6.Policy.ContinuousEntropyCoeff.mean": {
            "value": 0.5,
            "min": 0.5,
            "max": 0.5,
            "count": 50
        },
        "SAC_CarAgent6.Policy.ContinuousEntropyCoeff.sum": {
            "value": 250.0,
            "min": 215.5,
            "max": 255.5,
            "count": 50
        },
        "SAC_CarAgent6.Policy.LearningRate.mean": {
            "value": 0.0003,
            "min": 0.0002999999999999999,
            "max": 0.00030000000000000003,
            "count": 50
        },
        "SAC_CarAgent6.Policy.LearningRate.sum": {
            "value": 0.15,
            "min": 0.1293,
            "max": 0.1533,
            "count": 50
        },
        "SAC_CarAgent6.Environment.EpisodeLength.mean": {
            "value": 680.7857142857143,
            "min": 229.06451612903226,
            "max": 749.0,
            "count": 50
        },
        "SAC_CarAgent6.Environment.EpisodeLength.sum": {
            "value": 9531.0,
            "min": 6741.0,
            "max": 13441.0,
            "count": 50
        },
        "SAC_CarAgent6.Environment.CumulativeReward.mean": {
            "value": 706.5299156733921,
            "min": 48.55801539267263,
            "max": 756.7980373606962,
            "count": 50
        },
        "SAC_CarAgent6.Environment.CumulativeReward.sum": {
            "value": 9891.41881942749,
            "min": 1505.2984771728516,
            "max": 12865.566635131836,
            "count": 50
        },
        "SAC_CarAgent6.Policy.ExtrinsicReward.mean": {
            "value": 706.5299156733921,
            "min": 48.55801539267263,
            "max": 756.7980373606962,
            "count": 50
        },
        "SAC_CarAgent6.Policy.ExtrinsicReward.sum": {
            "value": 9891.41881942749,
            "min": 1505.2984771728516,
            "max": 12865.566635131836,
            "count": 50
        },
        "SAC_CarAgent6.IsTraining.mean": {
            "value": 1.0,
            "min": 1.0,
            "max": 1.0,
            "count": 50
        },
        "SAC_CarAgent6.IsTraining.sum": {
            "value": 1.0,
            "min": 1.0,
            "max": 1.0,
            "count": 50
        }
    },
    "metadata": {
        "timer_format_version": "0.1.0",
        "start_time_seconds": "1643135647",
        "python_version": "3.6.13 |Anaconda, Inc.| (default, Mar 16 2021, 11:37:27) [MSC v.1916 64 bit (AMD64)]",
        "command_line_arguments": "C:\\Users\\alexc\\anaconda3\\envs\\mlagent_release_18\\Scripts\\mlagents-learn config/SAC/SAC_CarAgent6_b1024_n128_s20.yaml --run-id=SAC_CarAgent6_5_b1024_n128_s20 --env=builds/SAC_CarAgent6",
        "mlagents_version": "0.27.0",
        "mlagents_envs_version": "0.27.0",
        "communication_protocol_version": "1.5.0",
        "pytorch_version": "1.7.1+cu110",
        "numpy_version": "1.19.5",
        "end_time_seconds": "1643138062"
    },
    "total": 2415.1201094000003,
    "count": 1,
    "self": 0.3109300000000985,
    "children": {
        "run_training.setup": {
            "total": 0.1000014,
            "count": 1,
            "self": 0.1000014
        },
        "TrainerController.start_learning": {
            "total": 2414.709178,
            "count": 1,
            "self": 1.0781974999781596,
            "children": {
                "TrainerController._reset_env": {
                    "total": 13.097701299999999,
                    "count": 1,
                    "self": 13.097701299999999
                },
                "TrainerController.advance": {
                    "total": 2400.4139261000214,
                    "count": 56204,
                    "self": 0.9672016000308759,
                    "children": {
                        "env_step": {
                            "total": 469.7683856000101,
                            "count": 56204,
                            "self": 237.95031560004878,
                            "children": {
                                "SubprocessEnvManager._take_step": {
                                    "total": 231.20749589999673,
                                    "count": 56204,
                                    "self": 2.763587700024317,
                                    "children": {
                                        "TorchPolicy.evaluate": {
                                            "total": 228.4439081999724,
                                            "count": 55591,
                                            "self": 67.15163509996663,
                                            "children": {
                                                "TorchPolicy.sample_actions": {
                                                    "total": 161.2922731000058,