{
    "name": "root",
    "gauges": {
        "SAC_CarAgent6.Policy.Entropy.mean": {
            "value": 1.1844756603240967,
            "min": 0.9076530337333679,
            "max": 4.206137180328369,
            "count": 50
        },
        "SAC_CarAgent6.Policy.Entropy.sum": {
            "value": 11896.8740234375,
            "min": 9026.609375,
            "max": 42927.8359375,
            "count": 50
        },
        "SAC_CarAgent6.Step.mean": {
            "value": 499969.0,
            "min": 9996.0,
            "max": 499969.0,
            "count": 50
        },
        "SAC_CarAgent6.Step.sum": {
            "value": 499969.0,
            "min": 9996.0,
            "max": 499969.0,
            "count": 50
        },
        "SAC_CarAgent6.Policy.ExtrinsicValue.mean": {
            "value": 20.305971145629883,
            "min": 2.020526170730591,
            "max": 21.803133010864258,
            "count": 50
        },
        "SAC_CarAgent6.Policy.ExtrinsicValue.sum": {
            "value": 3248.955322265625,
            "min": 323.2841796875,
            "max": 3575.7138671875,
            "count": 50
        },
        "SAC_CarAgent6.Losses.PolicyLoss.mean": {
            "value": -62.48218146085671,
            "min": -64.82574726594581,
            "max": -6.854799144681688,
            "count": 50
        },
        "SAC_CarAgent6.Losses.PolicyLoss.sum": {
            "value": -31303.572911889212,
            "min": -32477.69938023885,
            "max": -2968.128029647171,
            "count": 50
        },
        "SAC_CarAgent6.Losses.ValueLoss.mean": {
            "value": 0.0057723145617722986,
            "min": 0.002302987175314564,
            "max": 0.10032145751894539,
            "count": 50
        },
        "SAC_CarAgent6.Losses.ValueLoss.sum": {
            "value": 2.8919295954479214,
            "min": 1.188341382462315,
            "max": 49.9600858444348,
            "count": 50
        },
        "SAC_CarAgent6.Losses.Q1Loss.mean": {
            "value": 0.10808443307401056,
            "min": 0.07587479622843875,
            "max": 0.5642530600526735,
            "count": 50
        },
        "SAC_CarAgent6.Losses.Q1Loss.sum": {
            "value": 54.150300970079286,
            "min": 34.69319085883891,
            "max": 283.2550361464421,
            "count": 50
        },
        "SAC_CarAgent6.Losses.Q2Loss.mean": {
            "value": 0.10685425993604285,
            "min": 0.07622929923761709,
            "max": 0.5510940837713917,
            "count": 50
        },
        "SAC_CarAgent6.Losses.Q2Loss.sum": {
            "value": 53.53398422795747,
            "min": 37.03910421359649,
            "max": 275.24360798533473,
            "count": 50
        },
        "SAC_CarAgent6.Policy.DiscreteEntropyCoeff.mean": {
            "value": 0.09727591517832912,
            "min": 0.09727591517832912,
            "max": 0.47730341192632186,
            "count": 50
        },
        "SAC_CarAgent6.Policy.DiscreteEntropyCoeff.sum": {
            "value": 48.73523350434289,
            "min": 48.73523350434289,
            "max": 229.70686062459265,
            "count": 50
        },
        "SAC_CarAgent6.Policy.ContinuousEntropyCoeff.mean": {
            "value": 0.5,
            "min": 0.5,
            "max": 0.5,
            "count": 50
        },
        "SAC_CarAgent6.Policy.ContinuousEntropyCoeff.sum": {
            "value": 250.5,
            "min": 216.5,
            "max": 258.0,
            "count": 50
        },
        "SAC_CarAgent6.Policy.LearningRate.mean": {
            "value": 0.0003,
            "min": 0.0003,
            "max": 0.00030000000000000003,
            "count": 50
        },
        "SAC_CarAgent6.Policy.LearningRate.sum": {
            "value": 0.1503,
            "min": 0.1299,
            "max": 0.1548,
            "count": 50
        },
        "SAC_CarAgent6.Environment.EpisodeLength.mean": {
            "value": 697.0666666666667,
            "min": 358.5,
            "max": 749.0,
            "count": 50
        },
        "SAC_CarAgent6.Environment.EpisodeLength.sum": {
            "value": 10456.0,
            "min": 7361.0,
            "max": 12527.0,
            "count": 50
        },
        "SAC_CarAgent6.Environment.CumulativeReward.mean": {
            "value": 700.5462484359741,
            "min": 220.4985749380929,
            "max": 788.4759783063616,
            "count": 50
        },
        "SAC_CarAgent6.Environment.CumulativeReward.sum": {
            "value": 10508.193726539612,
            "min": 4206.188857793808,
            "max": 12282.622789382935,
            "count": 50
        },
        "SAC_CarAgent6.Policy.ExtrinsicReward.mean": {
            "value": 700.5462484359741,
            "min": 220.4985749380929,
            "max": 788.4759783063616,
            "count": 50
        },
        "SAC_CarAgent6.Policy.ExtrinsicReward.sum": {
            "value": 10508.193726539612,
            "min": 4206.188857793808,
            "max": 12282.622789382935,
            "count": 50
        },
        "SAC_CarAgent6.IsTraining.mean": {
            "value": 1.0,
            "min": 1.0,
            "max": 1.0,
            "count": 50
        },
        "SAC_CarAgent6.IsTraining.sum": {
            "value": 1.0,
            "min": 1.0,
            "max": 1.0,
            "count": 50
        }
    },
    "metadata": {
        "timer_format_version": "0.1.0",
        "start_time_seconds": "1643132865",
        "python_version": "3.6.13 |Anaconda, Inc.| (default, Mar 16 2021, 11:37:27) [MSC v.1916 64 bit (AMD64)]",
        "command_line_arguments": "C:\\Users\\alexc\\anaconda3\\envs\\mlagent_release_18\\Scripts\\mlagents-learn config/SAC/SAC_CarAgent6_b1024_n64_s20.yaml --run-id=SAC_CarAgent6_5_b1024_n64_s20 --env=builds/SAC_CarAgent6",
        "mlagents_version": "0.27.0",
        "mlagents_envs_version": "0.27.0",
        "communication_protocol_version": "1.5.0",
        "pytorch_version": "1.7.1+cu110",
        "numpy_version": "1.19.5",
        "end_time_seconds": "1643135226"
    },
    "total": 2360.4060121,
    "count": 1,
    "self": 1.0344657999999072,
    "children": {
        "run_training.setup": {
            "total": 0.0836484,
            "count": 1,
            "self": 0.0836484
        },
        "TrainerController.start_learning": {
            "total": 2359.2878979,
            "count": 1,
            "self": 1.150308700012829,
            "children": {
                "TrainerController._reset_env": {
                    "total": 8.3577005,
                    "count": 1,
                    "self": 8.3577005
                },
                "TrainerController.advance": {
                    "total": 2349.665800499987,
                    "count": 56211,
                    "self": 0.97086229995557,
                    "children": {
                        "env_step": {
                            "total": 504.0859672000205,
                            "count": 56211,
                            "self": 249.2516852999946,
                            "children": {
                                "SubprocessEnvManager._take_step": {
                                    "total": 254.1577194000011,
                                    "count": 56211,
                                    "self": 2.9275032999475172,
                                    "children": {
                                        "TorchPolicy.evaluate": {
                                            "total": 251.23021610005358,
                                            "count": 55596,
                                            "self": 80.51420410006995,
                                            "children": {
                                                "TorchPolicy.sample_actions": {
                                                    "total": 170.71601199998364,
                                                    "count": 55596,