{
    "name": "root",
    "gauges": {
        "CarAgent5_1.Policy.Entropy.mean": {
            "value": 3.6934170722961426,
            "min": 1.8671855926513672,
            "max": 3.940548896789551,
            "count": 30
        },
        "CarAgent5_1.Policy.Entropy.sum": {
            "value": 220423.125,
            "min": 112568.8828125,
            "max": 233028.296875,
            "count": 30
        },
        "CarAgent5_1.Step.mean": {
            "value": 1799883.0,
            "min": 59904.0,
            "max": 1799883.0,
            "count": 30
        },
        "CarAgent5_1.Step.sum": {
            "value": 1799883.0,
            "min": 59904.0,
            "max": 1799883.0,
            "count": 30
        },
        "CarAgent5_1.Policy.ExtrinsicValueEstimate.mean": {
            "value": 0.18752697110176086,
            "min": -0.567013144493103,
            "max": 9.319530487060547,
            "count": 30
        },
        "CarAgent5_1.Policy.ExtrinsicValueEstimate.sum": {
            "value": 90.20046997070312,
            "min": -271.03228759765625,
            "max": 4445.416015625,
            "count": 30
        },
        "CarAgent5_1.Losses.PolicyLoss.mean": {
            "value": 0.03513068237184092,
            "min": 0.03142702784177042,
            "max": 0.03759123795837128,
            "count": 30
        },
        "CarAgent5_1.Losses.PolicyLoss.sum": {
            "value": 0.21078409423104555,
            "min": 0.14128171094210895,
            "max": 0.22554742775022768,
            "count": 30
        },
        "CarAgent5_1.Losses.ValueLoss.mean": {
            "value": 17.110779799065657,
            "min": 0.0004328993676608661,
            "max": 55.7315685134588,
            "count": 30
        },
        "CarAgent5_1.Losses.ValueLoss.sum": {
            "value": 102.66467879439395,
            "min": 0.0021644968383043306,
            "max": 334.3894110807528,
            "count": 30
        },
        "CarAgent5_1.Policy.LearningRate.mean": {
            "value": 5.282098239333325e-06,
            "min": 5.282098239333325e-06,
            "max": 0.0002949280016906666,
            "count": 30
        },
        "CarAgent5_1.Policy.LearningRate.sum": {
            "value": 3.169258943599995e-05,
            "min": 3.169258943599995e-05,
            "max": 0.0014296640234453333,
            "count": 30
        },
        "CarAgent5_1.Policy.Epsilon.mean": {
            "value": 0.10176066666666667,
            "min": 0.10176066666666667,
            "max": 0.19830933333333334,
            "count": 30
        },
        "CarAgent5_1.Policy.Epsilon.sum": {
            "value": 0.610564,
            "min": 0.5417869444444445,
            "max": 0.9905525555555555,
            "count": 30
        },
        "CarAgent5_1.Policy.Beta.mean": {
            "value": 9.785726666666657e-05,
            "min": 9.785726666666657e-05,
            "max": 0.004915635733333333,
            "count": 30
        },
        "CarAgent5_1.Policy.Beta.sum": {
            "value": 0.0005871435999999994,
            "min": 0.0005871435999999994,
            "max": 0.023830077866666664,
            "count": 30
        },
        "CarAgent5_1.Environment.EpisodeLength.mean": {
            "value": 2628.2083333333335,
            "min": 2628.2083333333335,
            "max": 2999.0,
            "count": 30
        },
        "CarAgent5_1.Environment.EpisodeLength.sum": {
            "value": 63077.0,
            "min": 47146.0,
            "max": 95968.0,
            "count": 30
        },
        "CarAgent5_1.Environment.CumulativeReward.mean": {
            "value": 11.870209085939374,
            "min": -17.50574882165529,
            "max": 96.06238235998899,
            "count": 30
        },
        "CarAgent5_1.Environment.CumulativeReward.sum": {
            "value": 284.885018062545,
            "min": -530.5049659442157,
            "max": 1729.1228824798018,
            "count": 30
        },
        "CarAgent5_1.Policy.ExtrinsicReward.mean": {
            "value": 11.870209085939374,
            "min": -17.50574882165529,
            "max": 96.06238235998899,
            "count": 30
        },
        "CarAgent5_1.Policy.ExtrinsicReward.sum": {
            "value": 284.885018062545,
            "min": -530.5049659442157,
            "max": 1729.1228824798018,
            "count": 30
        },
        "CarAgent5_1.IsTraining.mean": {
            "value": 1.0,
            "min": 1.0,
            "max": 1.0,
            "count": 30
        },
        "CarAgent5_1.IsTraining.sum": {
            "value": 1.0,
            "min": 1.0,
            "max": 1.0,
            "count": 30
        }
    },
    "metadata": {
        "timer_format_version": "0.1.0",
        "start_time_seconds": "1642503502",
        "python_version": "3.6.13 |Anaconda, Inc.| (default, Mar 16 2021, 11:37:27) [MSC v.1916 64 bit (AMD64)]",
        "command_line_arguments": "C:\\Users\\alexc\\anaconda3\\envs\\unity_ml_full\\Scripts\\mlagents-learn config\\CarAgent5.yaml --run-id=CarAgent5_1_3 --env=builds/CarAgent5",
        "mlagents_version": "0.27.0",
        "mlagents_envs_version": "0.27.0",
        "communication_protocol_version": "1.5.0",
        "pytorch_version": "1.7.1+cu110",
        "numpy_version": "1.19.5",
        "end_time_seconds": "1642505109"
    },
    "total": 1606.8771330999998,
    "count": 1,
    "self": 0.4208265999998275,
    "children": {
        "run_training.setup": {
            "total": 0.0844342,
            "count": 1,
            "self": 0.0844342
        },
        "TrainerController.start_learning": {
            "total": 1606.3718723,
            "count": 1,
            "self": 2.0809864999637284,
            "children": {
                "TrainerController._reset_env": {
                    "total": 7.1002929,
                    "count": 1,
                    "self": 7.1002929
                },
                "TrainerController.advance": {
                    "total": 1597.104393000036,
                    "count": 112555,
                    "self": 1.9307334000313858,
                    "children": {
                        "env_step": {
                            "total": 1026.399917400011,
                            "count": 112555,
                            "self": 602.4302507000275,
                            "children": {
                                "SubprocessEnvManager._take_step": {
                                    "total": 422.7199851999668,
                                    "count": 112555,
                                    "self": 5.606652899941707,
                                    "children": {
                                        "TorchPolicy.evaluate": {
                                            "total": 417.1133323000251,
                                            "count": 112555,
                                            "self": 118.53440170000857,
                                            "children": {
                                                "TorchPolicy.sample_actions": {
                                                    "total": 298.5789306000165,
                                                    "count": 112555,
                                                    "self": 298.5789306000165
                                                }
                                            }
                                        }
                                    }
                                },
                                "workers": {
                                    "total": 1.249681500016722,
                                    "count": 112555,
                                    "self": 0.0,
                                    "children": {
                                        "worker_root": {
                                            "total": 1597.4464381000087,
                                            "count": 112555,