{
    "name": "root",
    "gauges": {
        "CarAgent2.Policy.Entropy.mean": {
            "value": 1.3768876791000366,
            "min": 1.3752503395080566,
            "max": 2.112082004547119,
            "count": 56
        },
        "CarAgent2.Policy.Entropy.sum": {
            "value": 13923.087890625,
            "min": 13205.43359375,
            "max": 21357.373046875,
            "count": 56
        },
        "CarAgent2.Step.mean": {
            "value": 559936.0,
            "min": 9984.0,
            "max": 559936.0,
            "count": 56
        },
        "CarAgent2.Step.sum": {
            "value": 559936.0,
            "min": 9984.0,
            "max": 559936.0,
            "count": 56
        },
        "CarAgent2.Policy.ExtrinsicValueEstimate.mean": {
            "value": -28.021690368652344,
            "min": -102.45663452148438,
            "max": -0.24618741869926453,
            "count": 56
        },
        "CarAgent2.Policy.ExtrinsicValueEstimate.sum": {
            "value": -4651.6005859375,
            "min": -17007.80078125,
            "max": -40.86711120605469,
            "count": 56
        },
        "CarAgent2.Environment.EpisodeLength.mean": {
            "value": 599.0,
            "min": 599.0,
            "max": 599.0,
            "count": 56
        },
        "CarAgent2.Environment.EpisodeLength.sum": {
            "value": 9584.0,
            "min": 9584.0,
            "max": 14376.0,
            "count": 56
        },
        "CarAgent2.Environment.CumulativeReward.mean": {
            "value": -230.65641101449728,
            "min": -661.2226643562317,
            "max": -121.1978190690279,
            "count": 56
        },
        "CarAgent2.Environment.CumulativeReward.sum": {
            "value": -3690.5025762319565,
            "min": -15078.486568450928,
            "max": -1939.1651051044464,
            "count": 56
        },
        "CarAgent2.Policy.ExtrinsicReward.mean": {
            "value": -230.65641101449728,
            "min": -661.2226643562317,
            "max": -121.1978190690279,
            "count": 56
        },
        "CarAgent2.Policy.ExtrinsicReward.sum": {
            "value": -3690.5025762319565,
            "min": -15078.486568450928,
            "max": -1939.1651051044464,
            "count": 56
        },
        "CarAgent2.IsTraining.mean": {
            "value": 1.0,
            "min": 1.0,
            "max": 1.0,
            "count": 56
        },
        "CarAgent2.IsTraining.sum": {
            "value": 1.0,
            "min": 1.0,
            "max": 1.0,
            "count": 56
        },
        "CarAgent2.Losses.PolicyLoss.mean": {
            "value": 0.032810211207834075,
            "min": 0.027743509765908433,
            "max": 0.04131112822215073,
            "count": 53
        },
        "CarAgent2.Losses.PolicyLoss.sum": {
            "value": 0.032810211207834075,
            "min": 0.027743509765908433,
            "max": 0.04131112822215073,
            "count": 53
        },
        "CarAgent2.Losses.ValueLoss.mean": {
            "value": 92.73486321767172,
            "min": 1.343239626288414,
            "max": 613.0459777832032,
            "count": 53
        },
        "CarAgent2.Losses.ValueLoss.sum": {
            "value": 92.73486321767172,
            "min": 1.343239626288414,
            "max": 613.0459777832032,
            "count": 53
        },
        "CarAgent2.Policy.LearningRate.mean": {
            "value": 2.0064093312000016e-05,
            "min": 2.0064093312000016e-05,
            "max": 0.00029468800177066676,
            "count": 53
        },
        "CarAgent2.Policy.LearningRate.sum": {
            "value": 2.0064093312000016e-05,
            "min": 2.0064093312000016e-05,
            "max": 0.00029468800177066676,
            "count": 53
        },
        "CarAgent2.Policy.Epsilon.mean": {
            "value": 0.10668800000000002,
            "min": 0.10668800000000002,
            "max": 0.19822933333333337,
            "count": 53
        },
        "CarAgent2.Policy.Epsilon.sum": {
            "value": 0.10668800000000002,
            "min": 0.10668800000000002,
            "max": 0.19822933333333337,
            "count": 53
        },
        "CarAgent2.Policy.Beta.mean": {
            "value": 4.277120000000002e-05,
            "min": 4.277120000000002e-05,
            "max": 0.0004913237333333333,
            "count": 53
        },
        "CarAgent2.Policy.Beta.sum": {
            "value": 4.277120000000002e-05,
            "min": 4.277120000000002e-05,
            "max": 0.0004913237333333333,
            "count": 53
        }
    },
    "metadata": {
        "timer_format_version": "0.1.0",
        "start_time_seconds": "1642014861",
        "python_version": "3.6.13 |Anaconda, Inc.| (default, Mar 16 2021, 11:37:27) [MSC v.1916 64 bit (AMD64)]",
        "command_line_arguments": "C:\\Users\\alexc\\anaconda3\\envs\\unity_ml_full\\Scripts\\mlagents-learn config/CarAgent2.yaml --run-id=CarAgent2",
        "mlagents_version": "0.27.0",
        "mlagents_envs_version": "0.27.0",
        "communication_protocol_version": "1.5.0",
        "pytorch_version": "1.7.1+cu110",
        "numpy_version": "1.19.5",
        "end_time_seconds": "1642015812"
    },
    "total": 950.9285498,
    "count": 1,
    "self": 0.007362400000033631,
    "children": {
        "run_training.setup": {
            "total": 0.09533280000000001,
            "count": 1,
            "self": 0.09533280000000001
        },
        "TrainerController.start_learning": {
            "total": 950.8258546,
            "count": 1,
            "self": 1.1830513999994992,
            "children": {
                "TrainerController._reset_env": {
                    "total": 62.4008681,
                    "count": 1,
                    "self": 62.4008681
                },
                "TrainerController.advance": {
                    "total": 887.1323672000004,
                    "count": 70717,
                    "self": 1.2199596999864752,
                    "children": {
                        "env_step": {
                            "total": 717.000455400004,
                            "count": 70717,
                            "self": 457.5150213999849,
                            "children": {
                                "SubprocessEnvManager._take_step": {
                                    "total": 258.7030055000056,
                                    "count": 70717,
                                    "self": 3.2837079000174754,
                                    "children": {
                                        "TorchPolicy.evaluate": {
                                            "total": 255.4192975999881,
                                            "count": 70717,
                                            "self": 122.21341609999081,
                                            "children": {
                                                "TorchPolicy.sample_actions": {
                                                    "total": 133.2058814999973,
                                                    "count": 70717,
                                                    "self": 133.2058814999973
                                                }
                                            }
                                        }
                                    }
                                },
                                "workers": {
                                    "total": 0.7824285000134239,
                                    "count": 70716,
                                    "self": 0.0,
                                    "children": {
                                        "worker_root": {
                                            "total": 887.8241976000037,
                                            "count": 70716,
                                            "is_parallel": true,