{
    "name": "root",
    "gauges": {
        "CarAgent5_1.Policy.Entropy.mean": {
            "value": 0.3376791179180145,
            "min": 0.22035786509513855,
            "max": 4.9901275634765625,
            "count": 41
        },
        "CarAgent5_1.Policy.Entropy.sum": {
            "value": 5402.86572265625,
            "min": 482.0130310058594,
            "max": 79842.0390625,
            "count": 41
        },
        "CarAgent5_1.Environment.EpisodeLength.mean": {
            "value": 943.5625,
            "min": 817.3333333333334,
            "max": 999.0,
            "count": 41
        },
        "CarAgent5_1.Environment.EpisodeLength.sum": {
            "value": 15097.0,
            "min": 2452.0,
            "max": 15984.0,
            "count": 41
        },
        "CarAgent5_1.Step.mean": {
            "value": 599177.0,
            "min": 9000.0,
            "max": 599177.0,
            "count": 60
        },
        "CarAgent5_1.Step.sum": {
            "value": 599177.0,
            "min": 9000.0,
            "max": 599177.0,
            "count": 60
        },
        "CarAgent5_1.Policy.ExtrinsicValue.mean": {
            "value": 0.13698220252990723,
            "min": -0.33983999490737915,
            "max": 22.489112854003906,
            "count": 60
        },
        "CarAgent5_1.Policy.ExtrinsicValue.sum": {
            "value": 1.5068042278289795,
            "min": -3.0585598945617676,
            "max": 224.89112854003906,
            "count": 60
        },
        "CarAgent5_1.Environment.CumulativeReward.mean": {
            "value": -2.9394738240675493,
            "min": -91.326171875,
            "max": 19.674996817111968,
            "count": 60
        },
        "CarAgent5_1.Environment.CumulativeReward.sum": {
            "value": -32.33421206474304,
            "min": -825.1563034057617,
            "max": 196.7499681711197,
            "count": 60
        },
        "CarAgent5_1.Policy.ExtrinsicReward.mean": {
            "value": -2.9394738240675493,
            "min": -91.326171875,
            "max": 19.674996817111968,
            "count": 60
        },
        "CarAgent5_1.Policy.ExtrinsicReward.sum": {
            "value": -32.33421206474304,
            "min": -825.1563034057617,
            "max": 196.7499681711197,
            "count": 60
        },
        "CarAgent5_1.IsTraining.mean": {
            "value": 1.0,
            "min": 1.0,
            "max": 1.0,
            "count": 60
        },
        "CarAgent5_1.IsTraining.sum": {
            "value": 1.0,
            "min": 1.0,
            "max": 1.0,
            "count": 60
        },
        "CarAgent5_1.Losses.PolicyLoss.mean": {
            "value": -0.7541884555779853,
            "min": -61.789124156830276,
            "max": -0.7362171333678287,
            "count": 40
        },
        "CarAgent5_1.Losses.PolicyLoss.sum": {
            "value": -1214.9976019361343,
            "min": -98862.59865092844,
            "max": -220.8651400103486,
            "count": 40
        },
        "CarAgent5_1.Losses.ValueLoss.mean": {
            "value": 6.279599316168462e-06,
            "min": 1.5532265316038623e-06,
            "max": 0.058445934199360415,
            "count": 40
        },
        "CarAgent5_1.Losses.ValueLoss.sum": {
            "value": 0.010116434498347392,
            "min": 0.001922157620273533,
            "max": 75.92126852496918,
            "count": 40
        },
        "CarAgent5_1.Losses.Q1Loss.mean": {
            "value": 0.0016563128248661394,
            "min": 2.0585928818970087e-06,
            "max": 0.041561438501080544,
            "count": 40
        },
        "CarAgent5_1.Losses.Q1Loss.sum": {
            "value": 2.6683199608593506,
            "min": 0.0032937486110352137,
            "max": 53.98830861290362,
            "count": 40
        },
        "CarAgent5_1.Losses.Q2Loss.mean": {
            "value": 0.0016416552880727689,
            "min": 2.2055825692438755e-06,
            "max": 0.043641166275338754,
            "count": 40
        },
        "CarAgent5_1.Losses.Q2Loss.sum": {
            "value": 2.6447066690852306,
            "min": 0.003528932110790201,
            "max": 56.68987499166504,
            "count": 40
        },
        "CarAgent5_1.Policy.DiscreteEntropyCoeff.mean": {
            "value": 0.040334250130003343,
            "min": 0.0400804374183471,
            "max": 0.9123627200134868,
            "count": 40
        },
        "CarAgent5_1.Policy.DiscreteEntropyCoeff.sum": {
            "value": 64.97847695943538,
            "min": 12.088085767881367,
            "max": 1185.1591732975194,
            "count": 40
        },
        "CarAgent5_1.Policy.ContinuousEntropyCoeff.mean": {
            "value": 1.0,
            "min": 1.0,
            "max": 1.0,
            "count": 40
        },
        "CarAgent5_1.Policy.ContinuousEntropyCoeff.sum": {
            "value": 1611.0,
            "min": 300.0,
            "max": 1687.0,
            "count": 40
        },
        "CarAgent5_1.Policy.LearningRate.mean": {
            "value": 3.574137604432752e-06,
            "min": 3.574137604432752e-06,
            "max": 0.0002920000026666665,
            "count": 40
        },
        "CarAgent5_1.Policy.LearningRate.sum": {
            "value": 0.005757935680741164,
            "min": 0.0028404290531999997,
            "max": 0.45440000853333307,
            "count": 40
        }
    },
    "metadata": {
        "timer_format_version": "0.1.0",
        "start_time_seconds": "1642629323",
        "python_version": "3.6.13 |Anaconda, Inc.| (default, Mar 16 2021, 11:37:27) [MSC v.1916 64 bit (AMD64)]",
        "command_line_arguments": "C:\\Users\\alexc\\anaconda3\\envs\\mlagent_release_18\\Scripts\\mlagents-learn config/CarAgent_SAC.yaml --run-id=CarAgent5_SAC --env=builds/CarAgent5 --force",
        "mlagents_version": "0.27.0",
        "mlagents_envs_version": "0.27.0",
        "communication_protocol_version": "1.5.0",
        "pytorch_version": "1.7.1+cu110",
        "numpy_version": "1.19.5",
        "end_time_seconds": "1642631583"
    },
    "total": 2260.2131256999996,
    "count": 1,
    "self": 0.2939736999996967,
    "children": {
        "run_training.setup": {
            "total": 0.0877227,
            "count": 1,
            "self": 0.0877227
        },
        "TrainerController.start_learning": {
            "total": 2259.8314293,
            "count": 1,
            "self": 0.7241041999945992,
            "children": {
                "TrainerController._reset_env": {
                    "total": 5.633611,
                    "count": 1,
                    "self": 5.633611
                },
                "TrainerController.advance": {
                    "total": 2253.3504917000046,
                    "count": 38023,
                    "self": 0.7436974000570444,
                    "children": {
                        "env_step": {
                            "total": 443.8363112999717,
                            "count": 38023,
                            "self": 257.9298427000014,
                            "children": {
                                "SubprocessEnvManager._take_step": {
                                    "total": 185.4117225000041,
                                    "count": 38023,
                                    "self": 2.2250213000181702,
                                    "children": {
                                        "TorchPolicy.evaluate": {
                                            "total": 183.18670119998592,
                                            "count": 38000,
                                            "self": 56.53595539998588,
                                            "children": {
                                                "TorchPolicy.sample_actions": {
                                                    "total": 126.65074580000004,