{
    "name": "root",
    "gauges": {
        "CarAgent3.Policy.Entropy.mean": {
            "value": 3.821977376937866,
            "min": 3.67606782913208,
            "max": 5.771466255187988,
            "count": 30
        },
        "CarAgent3.Policy.Entropy.sum": {
            "value": 76133.7890625,
            "min": 74050.7109375,
            "max": 118199.625,
            "count": 30
        },
        "CarAgent3.Step.mean": {
            "value": 599952.0,
            "min": 19968.0,
            "max": 599952.0,
            "count": 30
        },
        "CarAgent3.Step.sum": {
            "value": 599952.0,
            "min": 19968.0,
            "max": 599952.0,
            "count": 30
        },
        "CarAgent3.Policy.ExtrinsicValueEstimate.mean": {
            "value": -0.7097062468528748,
            "min": -77.98069763183594,
            "max": -0.7097062468528748,
            "count": 30
        },
        "CarAgent3.Policy.ExtrinsicValueEstimate.sum": {
            "value": -226.3962860107422,
            "min": -25031.8046875,
            "max": -226.3962860107422,
            "count": 30
        },
        "CarAgent3.Losses.PolicyLoss.mean": {
            "value": 0.03699761065848482,
            "min": 0.02784847595367782,
            "max": 0.03956150725394819,
            "count": 30
        },
        "CarAgent3.Losses.PolicyLoss.sum": {
            "value": 0.07399522131696964,
            "min": 0.02784847595367782,
            "max": 0.07912301450789638,
            "count": 30
        },
        "CarAgent3.Losses.ValueLoss.mean": {
            "value": 3.0349721401929854,
            "min": 3.0349721401929854,
            "max": 1107.4106556285512,
            "count": 30
        },
        "CarAgent3.Losses.ValueLoss.sum": {
            "value": 6.069944280385971,
            "min": 6.069944280385971,
            "max": 1107.4106556285512,
            "count": 30
        },
        "CarAgent3.Policy.LearningRate.mean": {
            "value": 2.7860990713333503e-06,
            "min": 2.7860990713333503e-06,
            "max": 0.00029436800187733334,
            "count": 30
        },
        "CarAgent3.Policy.LearningRate.sum": {
            "value": 5.5721981426667005e-06,
            "min": 5.5721981426667005e-06,
            "max": 0.0005721280092906666,
            "count": 30
        },
        "CarAgent3.Policy.Epsilon.mean": {
            "value": 0.10092866666666667,
            "min": 0.10092866666666667,
            "max": 0.19812266666666667,
            "count": 30
        },
        "CarAgent3.Policy.Epsilon.sum": {
            "value": 0.20185733333333333,
            "min": 0.15170950000000008,
            "max": 0.39070933333333335,
            "count": 30
        },
        "CarAgent3.Policy.Beta.mean": {
            "value": 1.4550466666666691e-05,
            "min": 1.4550466666666691e-05,
            "max": 0.0004908010666666667,
            "count": 30
        },
        "CarAgent3.Policy.Beta.sum": {
            "value": 2.9100933333333382e-05,
            "min": 2.9100933333333382e-05,
            "max": 0.0009544757333333335,
            "count": 30
        },
        "CarAgent3.IsTraining.mean": {
            "value": 1.0,
            "min": 1.0,
            "max": 1.0,
            "count": 30
        },
        "CarAgent3.IsTraining.sum": {
            "value": 1.0,
            "min": 1.0,
            "max": 1.0,
            "count": 30
        },
        "CarAgent3.Environment.EpisodeLength.mean": {
            "value": 1499.0,
            "min": 1176.2222222222222,
            "max": 1499.0,
            "count": 28
        },
        "CarAgent3.Environment.EpisodeLength.sum": {
            "value": 17988.0,
            "min": 10586.0,
            "max": 25690.0,
            "count": 28
        },
        "CarAgent3.Environment.CumulativeReward.mean": {
            "value": 5.5,
            "min": -2174.75,
            "max": 12.785714285714286,
            "count": 29
        },
        "CarAgent3.Environment.CumulativeReward.sum": {
            "value": 66.0,
            "min": -34796.0,
            "max": 198.0,
            "count": 29
        },
        "CarAgent3.Policy.ExtrinsicReward.mean": {
            "value": 5.5,
            "min": -2174.75,
            "max": 12.785714285714286,
            "count": 29
        },
        "CarAgent3.Policy.ExtrinsicReward.sum": {
            "value": 66.0,
            "min": -34796.0,
            "max": 198.0,
            "count": 29
        }
    },
    "metadata": {
        "timer_format_version": "0.1.0",
        "start_time_seconds": "1642092475",
        "python_version": "3.6.13 |Anaconda, Inc.| (default, Mar 16 2021, 11:37:27) [MSC v.1916 64 bit (AMD64)]",
        "command_line_arguments": "C:\\Users\\alexc\\anaconda3\\envs\\unity_ml_full\\Scripts\\mlagents-learn config/CarAgent3raycast.yaml --run-id=CarAgent3_1 --force --env=builds\\CarAgent3",
        "mlagents_version": "0.27.0",
        "mlagents_envs_version": "0.27.0",
        "communication_protocol_version": "1.5.0",
        "pytorch_version": "1.7.1+cu110",
        "numpy_version": "1.19.5",
        "end_time_seconds": "1642093064"
    },
    "total": 589.5431317,
    "count": 1,
    "self": 1.792635799999971,
    "children": {
        "run_training.setup": {
            "total": 0.0894469,
            "count": 1,
            "self": 0.0894469
        },
        "TrainerController.start_learning": {
            "total": 587.661049,
            "count": 1,
            "self": 0.7246496999979399,
            "children": {
                "TrainerController._reset_env": {
                    "total": 12.6827904,
                    "count": 1,
                    "self": 12.6827904
                },
                "TrainerController.advance": {
                    "total": 574.140338100002,
                    "count": 37731,
                    "self": 0.6668023999978914,
                    "children": {
                        "env_step": {
                            "total": 369.0973201000009,
                            "count": 37731,
                            "self": 215.08806899999792,
                            "children": {
                                "SubprocessEnvManager._take_step": {
                                    "total": 153.57213509999747,
                                    "count": 37731,
                                    "self": 2.0435184000006075,
                                    "children": {
                                        "TorchPolicy.evaluate": {
                                            "total": 151.52861669999686,
                                            "count": 37531,
                                            "self": 43.14047009999045,
                                            "children": {
                                                "TorchPolicy.sample_actions": {
                                                    "total": 108.38814660000641,
                                                    "count": 37531,
                                                    "self": 108.38814660000641
                                                }
                                            }
                                        }
                                    }
                                },
                                "workers": {
                                    "total": 0.43711600000552053,
                                    "count": 37731,
                                    "self": 0.0,
                                    "children": {
                                        "worker_root": {
                                            "total": 575.0764279999987,
                                            "count": 37731,
                                            "is_parallel": true,
                                            "self": 408.91816169999714,