{
    "name": "root",
    "gauges": {
        "PPO_CarAgent6.Policy.Entropy.mean": {
            "value": 3.018009662628174,
            "min": 3.018009662628174,
            "max": 4.859410762786865,
            "count": 20
        },
        "PPO_CarAgent6.Policy.Entropy.sum": {
            "value": 150858.234375,
            "min": 150858.234375,
            "max": 243602.265625,
            "count": 20
        },
        "PPO_CarAgent6.Step.mean": {
            "value": 999954.0,
            "min": 49938.0,
            "max": 999954.0,
            "count": 20
        },
        "PPO_CarAgent6.Step.sum": {
            "value": 999954.0,
            "min": 49938.0,
            "max": 999954.0,
            "count": 20
        },
        "PPO_CarAgent6.Policy.ExtrinsicValueEstimate.mean": {
            "value": 106.42277526855469,
            "min": 7.004965305328369,
            "max": 106.82433319091797,
            "count": 20
        },
        "PPO_CarAgent6.Policy.ExtrinsicValueEstimate.sum": {
            "value": 85244.640625,
            "min": 5589.96240234375,
            "max": 85459.46875,
            "count": 20
        },
        "PPO_CarAgent6.Environment.EpisodeLength.mean": {
            "value": 744.8181818181819,
            "min": 709.6029411764706,
            "max": 749.0,
            "count": 20
        },
        "PPO_CarAgent6.Environment.EpisodeLength.sum": {
            "value": 49158.0,
            "min": 47115.0,
            "max": 53309.0,
            "count": 20
        },
        "PPO_CarAgent6.Environment.CumulativeReward.mean": {
            "value": 813.5862254699072,
            "min": 271.4433463225289,
            "max": 816.7521384794321,
            "count": 20
        },
        "PPO_CarAgent6.Environment.CumulativeReward.sum": {
            "value": 53696.69088101387,
            "min": 17100.93081831932,
            "max": 55053.22632598877,
            "count": 20
        },
        "PPO_CarAgent6.Policy.ExtrinsicReward.mean": {
            "value": 813.5862254699072,
            "min": 271.4433463225289,
            "max": 816.7521384794321,
            "count": 20
        },
        "PPO_CarAgent6.Policy.ExtrinsicReward.sum": {
            "value": 53696.69088101387,
            "min": 17100.93081831932,
            "max": 55053.22632598877,
            "count": 20
        },
        "PPO_CarAgent6.Losses.PolicyLoss.mean": {
            "value": 0.06820410345474859,
            "min": 0.0642265303145526,
            "max": 0.07033500712076286,
            "count": 20
        },
        "PPO_CarAgent6.Losses.PolicyLoss.sum": {
            "value": 0.27281641381899435,
            "min": 0.2569061212582104,
            "max": 0.3516750356038143,
            "count": 20
        },
        "PPO_CarAgent6.Losses.ValueLoss.mean": {
            "value": 8.78118422869593,
            "min": 5.00085897629477,
            "max": 153.49957218517858,
            "count": 20
        },
        "PPO_CarAgent6.Losses.ValueLoss.sum": {
            "value": 35.12473691478372,
            "min": 20.00343590517908,
            "max": 708.2783787508805,
            "count": 20
        },
        "PPO_CarAgent6.Policy.LearningRate.mean": {
            "value": 7.665922444724995e-06,
            "min": 7.665922444724995e-06,
            "max": 0.0002919621026793,
            "count": 20
        },
        "PPO_CarAgent6.Policy.LearningRate.sum": {
            "value": 3.066368977889998e-05,
            "min": 3.066368977889998e-05,
            "max": 0.0013876662374445996,
            "count": 20
        },
        "PPO_CarAgent6.Policy.Epsilon.mean": {
            "value": 0.102555275,
            "min": 0.102555275,
            "max": 0.1973207,
            "count": 20
        },
        "PPO_CarAgent6.Policy.Epsilon.sum": {
            "value": 0.4102211,
            "min": 0.4102211,
            "max": 0.9625554,
            "count": 20
        },
        "PPO_CarAgent6.Policy.Beta.mean": {
            "value": 0.00013750822249999992,
            "min": 0.00013750822249999992,
            "max": 0.00486630293,
            "count": 20
        },
        "PPO_CarAgent6.Policy.Beta.sum": {
            "value": 0.0005500328899999997,
            "min": 0.0005500328899999997,
            "max": 0.023131514460000002,
            "count": 20
        },
        "PPO_CarAgent6.IsTraining.mean": {
            "value": 1.0,
            "min": 1.0,
            "max": 1.0,
            "count": 20
        },
        "PPO_CarAgent6.IsTraining.sum": {
            "value": 1.0,
            "min": 1.0,
            "max": 1.0,
            "count": 20
        }
    },
    "metadata": {
        "timer_format_version": "0.1.0",
        "start_time_seconds": "1642855601",
        "python_version": "3.6.13 |Anaconda, Inc.| (default, Mar 16 2021, 11:37:27) [MSC v.1916 64 bit (AMD64)]",
        "command_line_arguments": "C:\\Users\\alexc\\anaconda3\\envs\\mlagent_release_18\\Scripts\\mlagents-learn config/PPO_CarAgent6.yaml --run-id=PPO_CarAgent6_3 --env=builds/PPO_CarAgent6 --force",
        "mlagents_version": "0.27.0",
        "mlagents_envs_version": "0.27.0",
        "communication_protocol_version": "1.5.0",
        "pytorch_version": "1.7.1+cu110",
        "numpy_version": "1.19.5",
        "end_time_seconds": "1642857106"
    },
    "total": 1504.977885,
    "count": 1,
    "self": 0.9062874999999622,
    "children": {
        "run_training.setup": {
            "total": 0.4190878,
            "count": 1,
            "self": 0.4190878
        },
        "TrainerController.start_learning": {
            "total": 1503.6525097,
            "count": 1,
            "self": 1.9796336000074461,
            "children": {
                "TrainerController._reset_env": {
                    "total": 21.8809483,
                    "count": 1,
                    "self": 21.8809483
                },
                "TrainerController.advance": {
                    "total": 1479.7022454999924,
                    "count": 112323,
                    "self": 1.7970999999461128,
                    "children": {
                        "env_step": {
                            "total": 939.2293935999978,
                            "count": 112323,
                            "self": 448.64036359996413,
                            "children": {
                                "SubprocessEnvManager._take_step": {
                                    "total": 489.37261700002125,
                                    "count": 112323,
                                    "self": 5.2434103000443315,
                                    "children": {
                                        "TorchPolicy.evaluate": {
                                            "total": 484.1292066999769,
                                            "count": 111147,
                                            "self": 147.38743339998507,
                                            "children": {
                                                "TorchPolicy.sample_actions": {
                                                    "total": 336.74177329999185,
                                                    "count": 111147,
                                                    "self": 336.74177329999185
                                                }
                                            }
                                        }
                                    }
                                },
                                "workers": {
                                    "total": 1.2164130000124267,
                                    "count": 112323,
                                    "self": 0.0,
                                    "children": {
                                        "worker_root": {
                                            "total": 1489.8038011999813,
                                            "count": 112323,