{
    "name": "root",
    "gauges": {
        "PPO_CarAgent6_5_1.Policy.Entropy.mean": {
            "value": 3.1511337757110596,
            "min": 3.1462531089782715,
            "max": 4.85630989074707,
            "count": 30
        },
        "PPO_CarAgent6_5_1.Policy.Entropy.sum": {
            "value": 157143.890625,
            "min": 157143.890625,
            "max": 243446.8125,
            "count": 30
        },
        "PPO_CarAgent6_5_1.Step.mean": {
            "value": 1499955.0,
            "min": 49938.0,
            "max": 1499955.0,
            "count": 30
        },
        "PPO_CarAgent6_5_1.Step.sum": {
            "value": 1499955.0,
            "min": 49938.0,
            "max": 1499955.0,
            "count": 30
        },
        "PPO_CarAgent6_5_1.Policy.ExtrinsicValueEstimate.mean": {
            "value": 105.55322265625,
            "min": 5.836350440979004,
            "max": 107.19266510009766,
            "count": 30
        },
        "PPO_CarAgent6_5_1.Policy.ExtrinsicValueEstimate.sum": {
            "value": 84442.578125,
            "min": 4657.40771484375,
            "max": 85968.515625,
            "count": 30
        },
        "PPO_CarAgent6_5_1.Environment.EpisodeLength.mean": {
            "value": 727.5882352941177,
            "min": 706.5441176470588,
            "max": 749.0,
            "count": 30
        },
        "PPO_CarAgent6_5_1.Environment.EpisodeLength.sum": {
            "value": 49476.0,
            "min": 47099.0,
            "max": 53215.0,
            "count": 30
        },
        "PPO_CarAgent6_5_1.Environment.CumulativeReward.mean": {
            "value": 787.5657683120054,
            "min": 270.7533737156126,
            "max": 812.3882002686009,
            "count": 30
        },
        "PPO_CarAgent6_5_1.Environment.CumulativeReward.sum": {
            "value": 53554.47224521637,
            "min": 17057.462544083595,
            "max": 56669.94723892212,
            "count": 30
        },
        "PPO_CarAgent6_5_1.Policy.ExtrinsicReward.mean": {
            "value": 787.5657683120054,
            "min": 270.7533737156126,
            "max": 812.3882002686009,
            "count": 30
        },
        "PPO_CarAgent6_5_1.Policy.ExtrinsicReward.sum": {
            "value": 53554.47224521637,
            "min": 17057.462544083595,
            "max": 56669.94723892212,
            "count": 30
        },
        "PPO_CarAgent6_5_1.Losses.PolicyLoss.mean": {
            "value": 0.04970151472911918,
            "min": 0.0463473611478598,
            "max": 0.051688174375590284,
            "count": 30
        },
        "PPO_CarAgent6_5_1.Losses.PolicyLoss.sum": {
            "value": 0.2485075736455959,
            "min": 0.1853894445914392,
            "max": 0.2524649059271269,
            "count": 30
        },
        "PPO_CarAgent6_5_1.Losses.ValueLoss.mean": {
            "value": 31.59240233282248,
            "min": 3.1419090334574378,
            "max": 140.41128188868362,
            "count": 30
        },
        "PPO_CarAgent6_5_1.Losses.ValueLoss.sum": {
            "value": 157.9620116641124,
            "min": 15.709545167287189,
            "max": 561.6451275547345,
            "count": 30
        },
        "PPO_CarAgent6_5_1.Policy.LearningRate.mean": {
            "value": 5.141258286279995e-06,
            "min": 5.141258286279995e-06,
            "max": 0.0002946414017862,
            "count": 30
        },
        "PPO_CarAgent6_5_1.Policy.LearningRate.sum": {
            "value": 2.5706291431399976e-05,
            "min": 2.5706291431399976e-05,
            "max": 0.0014251092249635998,
            "count": 30
        },
        "PPO_CarAgent6_5_1.Policy.Epsilon.mean": {
            "value": 0.10171371999999998,
            "min": 0.10171371999999998,
            "max": 0.19821380000000005,
            "count": 30
        },
        "PPO_CarAgent6_5_1.Policy.Epsilon.sum": {
            "value": 0.5085685999999999,
            "min": 0.4465518666666667,
            "max": 0.9750363999999999,
            "count": 30
        },
        "PPO_CarAgent6_5_1.Policy.Beta.mean": {
            "value": 9.551462799999995e-05,
            "min": 9.551462799999995e-05,
            "max": 0.00491086862,
            "count": 30
        },
        "PPO_CarAgent6_5_1.Policy.Beta.sum": {
            "value": 0.0004775731399999998,
            "min": 0.0004775731399999998,
            "max": 0.023754316360000003,
            "count": 30
        },
        "PPO_CarAgent6_5_1.IsTraining.mean": {
            "value": 1.0,
            "min": 1.0,
            "max": 1.0,
            "count": 30
        },
        "PPO_CarAgent6_5_1.IsTraining.sum": {
            "value": 1.0,
            "min": 1.0,
            "max": 1.0,
            "count": 30
        }
    },
    "metadata": {
        "timer_format_version": "0.1.0",
        "start_time_seconds": "1643223932",
        "python_version": "3.6.13 |Anaconda, Inc.| (default, Mar 16 2021, 11:37:27) [MSC v.1916 64 bit (AMD64)]",
        "command_line_arguments": "C:\\Users\\alexc\\anaconda3\\envs\\mlagent_release_18\\Scripts\\mlagents-learn config/PPO/PPO_CarAgent6_batchsize256.yaml --run-id=PPO_6_5_angle_120_both_5 --env=builds/PPO_CarAgent6",
        "mlagents_version": "0.27.0",
        "mlagents_envs_version": "0.27.0",
        "communication_protocol_version": "1.5.0",
        "pytorch_version": "1.7.1+cu110",
        "numpy_version": "1.19.5",
        "end_time_seconds": "1643225822"
    },
    "total": 1890.7868758999998,
    "count": 1,
    "self": 0.8385211999998319,
    "children": {
        "run_training.setup": {
            "total": 0.0889215,
            "count": 1,
            "self": 0.0889215
        },
        "TrainerController.start_learning": {
            "total": 1889.8594332,
            "count": 1,
            "self": 2.7960132000453086,
            "children": {
                "TrainerController._reset_env": {
                    "total": 7.6668634,
                    "count": 1,
                    "self": 7.6668634
                },
                "TrainerController.advance": {
                    "total": 1879.2986808999544,
                    "count": 168489,
                    "self": 2.4897404999865103,
                    "children": {
                        "env_step": {
                            "total": 1289.8019641999974,
                            "count": 168489,
                            "self": 669.1857170999849,
                            "children": {
                                "SubprocessEnvManager._take_step": {
                                    "total": 618.8868082000072,
                                    "count": 168489,
                                    "self": 7.383328500011885,
                                    "children": {
                                        "TorchPolicy.evaluate": {
                                            "total": 611.5034796999953,
                                            "count": 166696,
                                            "self": 171.70514920001614,
                                            "children": {
                                                "TorchPolicy.sample_actions": {
                                                    "total": 439.79833049997916,
                                                    "count": 166696,
                                                    "self": 439.79833049997916
                                                }
                                            }
                                        }
                                    }
                                },
                                "workers": {
                                    "total": 1.729438900005281,
                                    "count": 168489,
                                    "self": 0.0,