{
    "name": "root",
    "gauges": {
        "TestAgent.Policy.Entropy.mean": {
            "value": 2.1817641258239746,
            "min": 2.1817641258239746,
            "max": 2.1817641258239746,
            "count": 1
        },
        "TestAgent.Policy.Entropy.sum": {
            "value": 109891.09375,
            "min": 109891.09375,
            "max": 109891.09375,
            "count": 1
        },
        "TestAgent.Environment.EpisodeLength.mean": {
            "value": 260.9226519337017,
            "min": 260.9226519337017,
            "max": 260.9226519337017,
            "count": 1
        },
        "TestAgent.Environment.EpisodeLength.sum": {
            "value": 47227.0,
            "min": 47227.0,
            "max": 47227.0,
            "count": 1
        },
        "TestAgent.Step.mean": {
            "value": 49968.0,
            "min": 49968.0,
            "max": 49968.0,
            "count": 1
        },
        "TestAgent.Step.sum": {
            "value": 49968.0,
            "min": 49968.0,
            "max": 49968.0,
            "count": 1
        },
        "TestAgent.Policy.ExtrinsicValueEstimate.mean": {
            "value": -0.001252635265700519,
            "min": -0.001252635265700519,
            "max": -0.001252635265700519,
            "count": 1
        },
        "TestAgent.Policy.ExtrinsicValueEstimate.sum": {
            "value": -1.1273717880249023,
            "min": -1.1273717880249023,
            "max": -1.1273717880249023,
            "count": 1
        },
        "TestAgent.Environment.CumulativeReward.mean": {
            "value": -0.2541436464088398,
            "min": -0.2541436464088398,
            "max": -0.2541436464088398,
            "count": 1
        },
        "TestAgent.Environment.CumulativeReward.sum": {
            "value": -46.0,
            "min": -46.0,
            "max": -46.0,
            "count": 1
        },
        "TestAgent.Policy.ExtrinsicReward.mean": {
            "value": -0.2541436464088398,
            "min": -0.2541436464088398,
            "max": -0.2541436464088398,
            "count": 1
        },
        "TestAgent.Policy.ExtrinsicReward.sum": {
            "value": -46.0,
            "min": -46.0,
            "max": -46.0,
            "count": 1
        },
        "TestAgent.Losses.PolicyLoss.mean": {
            "value": 0.023914778954349458,
            "min": 0.023914778954349458,
            "max": 0.023914778954349458,
            "count": 1
        },
        "TestAgent.Losses.PolicyLoss.sum": {
            "value": 0.09565911581739783,
            "min": 0.09565911581739783,
            "max": 0.09565911581739783,
            "count": 1
        },
        "TestAgent.Losses.ValueLoss.mean": {
            "value": 0.011127247907764589,
            "min": 0.011127247907764589,
            "max": 0.011127247907764589,
            "count": 1
        },
        "TestAgent.Losses.ValueLoss.sum": {
            "value": 0.044508991631058356,
            "min": 0.044508991631058356,
            "max": 0.044508991631058356,
            "count": 1
        },
        "TestAgent.Policy.LearningRate.mean": {
            "value": 0.00028452990515669997,
            "min": 0.00028452990515669997,
            "max": 0.00028452990515669997,
            "count": 1
        },
        "TestAgent.Policy.LearningRate.sum": {
            "value": 0.0011381196206267999,
            "min": 0.0011381196206267999,
            "max": 0.0011381196206267999,
            "count": 1
        },
        "TestAgent.Policy.Epsilon.mean": {
            "value": 0.1948433,
            "min": 0.1948433,
            "max": 0.1948433,
            "count": 1
        },
        "TestAgent.Policy.Epsilon.sum": {
            "value": 0.7793732,
            "min": 0.7793732,
            "max": 0.7793732,
            "count": 1
        },
        "TestAgent.Policy.Beta.mean": {
            "value": 0.004742680669999999,
            "min": 0.004742680669999999,
            "max": 0.004742680669999999,
            "count": 1
        },
        "TestAgent.Policy.Beta.sum": {
            "value": 0.018970722679999996,
            "min": 0.018970722679999996,
            "max": 0.018970722679999996,
            "count": 1
        },
        "TestAgent.IsTraining.mean": {
            "value": 1.0,
            "min": 1.0,
            "max": 1.0,
            "count": 1
        },
        "TestAgent.IsTraining.sum": {
            "value": 1.0,
            "min": 1.0,
            "max": 1.0,
            "count": 1
        }
    },
    "metadata": {
        "timer_format_version": "0.1.0",
        "start_time_seconds": "1641592488",
        "python_version": "3.6.13 |Anaconda, Inc.| (default, Mar 16 2021, 11:37:27) [MSC v.1916 64 bit (AMD64)]",
        "command_line_arguments": "C:\\Users\\alexc\\Documents\\Unity\\Projects\\ResearchProject\\venv\\Scripts\\mlagents-learn --run-id=TestAgent --force",
        "mlagents_version": "0.27.0",
        "mlagents_envs_version": "0.27.0",
        "communication_protocol_version": "1.5.0",
        "pytorch_version": "1.7.1+cu110",
        "numpy_version": "1.19.5",
        "end_time_seconds": "1641592794"
    },
    "total": 306.8811897,
    "count": 1,
    "self": 0.0051984000000402375,
    "children": {
        "run_training.setup": {
            "total": 0.0783206,
            "count": 1,
            "self": 0.0783206
        },
        "TrainerController.start_learning": {
            "total": 306.79767069999997,
            "count": 1,
            "self": 0.15270370000030198,
            "children": {
                "TrainerController._reset_env": {
                    "total": 9.4301888,
                    "count": 1,
                    "self": 9.4301888
                },
                "TrainerController.advance": {
                    "total": 297.04117689999964,
                    "count": 6290,
                    "self": 0.12887999999674093,
                    "children": {
                        "env_step": {
                            "total": 244.05608550000076,
                            "count": 6290,
                            "self": 222.15055860000058,
                            "children": {
                                "SubprocessEnvManager._take_step": {
                                    "total": 21.789181300000614,
                                    "count": 6290,
                                    "self": 0.34667919999907326,
                                    "children": {
                                        "TorchPolicy.evaluate": {
                                            "total": 21.44250210000154,
                                            "count": 5991,
                                            "self": 6.905558600001511,
                                            "children": {
                                                "TorchPolicy.sample_actions": {
                                                    "total": 14.53694350000003,
                                                    "count": 5991,
                                                    "self": 14.53694350000003
                                                }
                                            }
                                        }
                                    }
                                },
                                "workers": {
                                    "total": 0.11634559999957794,
                                    "count": 6289,
                                    "self": 0.0,
                                    "children": {
                                        "worker_root": {
                                            "total": 297.51939520000093,
                                            "count": 6289,
                                            "is_parallel": true,
                                            "self": 100.35440500000061,