{
    "name": "root",
    "gauges": {
        "PPO_CarAgent6.Policy.Entropy.mean": {
            "value": 3.16660737991333,
            "min": 3.148538827896118,
            "max": 4.865525722503662,
            "count": 30
        },
        "PPO_CarAgent6.Policy.Entropy.sum": {
            "value": 158029.546875,
            "min": 157400.28125,
            "max": 243908.8125,
            "count": 30
        },
        "PPO_CarAgent6.Step.mean": {
            "value": 1499975.0,
            "min": 49938.0,
            "max": 1499975.0,
            "count": 30
        },
        "PPO_CarAgent6.Step.sum": {
            "value": 1499975.0,
            "min": 49938.0,
            "max": 1499975.0,
            "count": 30
        },
        "PPO_CarAgent6.Policy.ExtrinsicValueEstimate.mean": {
            "value": 101.82298278808594,
            "min": 6.027713775634766,
            "max": 107.06771850585938,
            "count": 30
        },
        "PPO_CarAgent6.Policy.ExtrinsicValueEstimate.sum": {
            "value": 81560.2109375,
            "min": 4810.11572265625,
            "max": 85715.6328125,
            "count": 30
        },
        "PPO_CarAgent6.Environment.EpisodeLength.mean": {
            "value": 735.939393939394,
            "min": 707.072463768116,
            "max": 749.0,
            "count": 30
        },
        "PPO_CarAgent6.Environment.EpisodeLength.sum": {
            "value": 48572.0,
            "min": 47187.0,
            "max": 53356.0,
            "count": 30
        },
        "PPO_CarAgent6.Environment.CumulativeReward.mean": {
            "value": 778.9117628155333,
            "min": 261.69623236996784,
            "max": 816.7576924224398,
            "count": 30
        },
        "PPO_CarAgent6.Environment.CumulativeReward.sum": {
            "value": 51408.176345825195,
            "min": 16486.862639307976,
            "max": 56625.46370315552,
            "count": 30
        },
        "PPO_CarAgent6.Policy.ExtrinsicReward.mean": {
            "value": 778.9117628155333,
            "min": 261.69623236996784,
            "max": 816.7576924224398,
            "count": 30
        },
        "PPO_CarAgent6.Policy.ExtrinsicReward.sum": {
            "value": 51408.176345825195,
            "min": 16486.862639307976,
            "max": 56625.46370315552,
            "count": 30
        },
        "PPO_CarAgent6.Losses.PolicyLoss.mean": {
            "value": 0.04783482022564082,
            "min": 0.04544514204300564,
            "max": 0.051960179712032414,
            "count": 30
        },
        "PPO_CarAgent6.Losses.PolicyLoss.sum": {
            "value": 0.2391741011282041,
            "min": 0.18178056817202257,
            "max": 0.2598008985601621,
            "count": 30
        },
        "PPO_CarAgent6.Losses.ValueLoss.mean": {
            "value": 46.18111578802268,
            "min": 5.2135649944841855,
            "max": 136.0970392346382,
            "count": 30
        },
        "PPO_CarAgent6.Losses.ValueLoss.sum": {
            "value": 230.9055789401134,
            "min": 22.59916408049059,
            "max": 672.5774468319203,
            "count": 30
        },
        "PPO_CarAgent6.Policy.LearningRate.mean": {
            "value": 5.327738224119996e-06,
            "min": 5.327738224119996e-06,
            "max": 0.0002946414017862,
            "count": 30
        },
        "PPO_CarAgent6.Policy.LearningRate.sum": {
            "value": 2.663869112059998e-05,
            "min": 2.663869112059998e-05,
            "max": 0.0014251092249635998,
            "count": 30
        },
        "PPO_CarAgent6.Policy.Epsilon.mean": {
            "value": 0.10177588000000001,
            "min": 0.10177588000000001,
            "max": 0.19821380000000005,
            "count": 30
        },
        "PPO_CarAgent6.Policy.Epsilon.sum": {
            "value": 0.5088794000000001,
            "min": 0.44683959999999995,
            "max": 0.9750363999999999,
            "count": 30
        },
        "PPO_CarAgent6.Policy.Beta.mean": {
            "value": 9.861641199999995e-05,
            "min": 9.861641199999995e-05,
            "max": 0.00491086862,
            "count": 30
        },
        "PPO_CarAgent6.Policy.Beta.sum": {
            "value": 0.0004930820599999997,
            "min": 0.0004930820599999997,
            "max": 0.023754316360000003,
            "count": 30
        },
        "PPO_CarAgent6.IsTraining.mean": {
            "value": 1.0,
            "min": 1.0,
            "max": 1.0,
            "count": 30
        },
        "PPO_CarAgent6.IsTraining.sum": {
            "value": 1.0,
            "min": 1.0,
            "max": 1.0,
            "count": 30
        }
    },
    "metadata": {
        "timer_format_version": "0.1.0",
        "start_time_seconds": "1643104779",
        "python_version": "3.6.13 |Anaconda, Inc.| (default, Mar 16 2021, 11:37:27) [MSC v.1916 64 bit (AMD64)]",
        "command_line_arguments": "C:\\Users\\alexc\\anaconda3\\envs\\mlagent_release_18\\Scripts\\mlagents-learn config/PPO/PPO_CarAgent6_5_test2.yaml --run-id=PPO_CarAgent6_5_test2 --env=builds/PPO_CarAgent6",
        "mlagents_version": "0.27.0",
        "mlagents_envs_version": "0.27.0",
        "communication_protocol_version": "1.5.0",
        "pytorch_version": "1.7.1+cu110",
        "numpy_version": "1.19.5",
        "end_time_seconds": "1643107337"
    },
    "total": 2558.0028844999997,
    "count": 1,
    "self": 0.2885114999999132,
    "children": {
        "run_training.setup": {
            "total": 0.0964638,
            "count": 1,
            "self": 0.0964638
        },
        "TrainerController.start_learning": {
            "total": 2557.6179091999998,
            "count": 1,
            "self": 3.604165300040222,
            "children": {
                "TrainerController._reset_env": {
                    "total": 8.5967349,
                    "count": 1,
                    "self": 8.5967349
                },
                "TrainerController.advance": {
                    "total": 2545.3107828999596,
                    "count": 168495,
                    "self": 3.235653699995055,
                    "children": {
                        "env_step": {
                            "total": 1815.3865957000087,
                            "count": 168495,
                            "self": 800.7895007000246,
                            "children": {
                                "SubprocessEnvManager._take_step": {
                                    "total": 1012.4084188999732,
                                    "count": 168495,
                                    "self": 11.335199299957253,
                                    "children": {
                                        "TorchPolicy.evaluate": {
                                            "total": 1001.0732196000159,
                                            "count": 166697,
                                            "self": 387.9205554000057,
                                            "children": {
                                                "TorchPolicy.sample_actions": {
                                                    "total": 613.1526642000102,
                                                    "count": 166697,
                                                    "self": 613.1526642000102
                                                }
                                            }
                                        }
                                    }
                                },
                                "workers": {
                                    "total": 2.188676100010813,
                                    "count": 168495,
                                    "self": 0.0,
                                    "children": {
                                        "worker_root": {
                                            "total": 2546.107103400002,