{
    "name": "root",
    "gauges": {
        "CarAgent5_1.Policy.Entropy.mean": {
            "value": 2.8075337409973145,
            "min": 2.804842948913574,
            "max": 4.31948184967041,
            "count": 30
        },
        "CarAgent5_1.Policy.Entropy.sum": {
            "value": 168362.1875,
            "min": 168155.9375,
            "max": 258477.78125,
            "count": 30
        },
        "CarAgent5_1.Step.mean": {
            "value": 1799929.0,
            "min": 59899.0,
            "max": 1799929.0,
            "count": 30
        },
        "CarAgent5_1.Step.sum": {
            "value": 1799929.0,
            "min": 59899.0,
            "max": 1799929.0,
            "count": 30
        },
        "CarAgent5_1.Policy.ExtrinsicValueEstimate.mean": {
            "value": 0.2906915545463562,
            "min": -0.5626766681671143,
            "max": 1.795985460281372,
            "count": 30
        },
        "CarAgent5_1.Policy.ExtrinsicValueEstimate.sum": {
            "value": 139.8226318359375,
            "min": -272.33551025390625,
            "max": 862.072998046875,
            "count": 30
        },
        "CarAgent5_1.Losses.PolicyLoss.mean": {
            "value": 0.033667274912315616,
            "min": 0.031626925282438,
            "max": 0.03633931334790961,
            "count": 30
        },
        "CarAgent5_1.Losses.PolicyLoss.sum": {
            "value": 0.20200364947389368,
            "min": 0.15813462641218998,
            "max": 0.21803588008745767,
            "count": 30
        },
        "CarAgent5_1.Losses.ValueLoss.mean": {
            "value": 0.10984615166671574,
            "min": 0.02693085781777174,
            "max": 1.216594675862127,
            "count": 30
        },
        "CarAgent5_1.Losses.ValueLoss.sum": {
            "value": 0.6590769100002944,
            "min": 0.16158514690663045,
            "max": 6.082973379310635,
            "count": 30
        },
        "CarAgent5_1.Policy.LearningRate.mean": {
            "value": 4.548570706064821e-06,
            "min": 4.548570706064821e-06,
            "max": 0.0002942512352495889,
            "count": 30
        },
        "CarAgent5_1.Policy.LearningRate.sum": {
            "value": 2.7291424236388925e-05,
            "min": 2.7291424236388925e-05,
            "max": 0.001708452197182611,
            "count": 30
        },
        "CarAgent5_1.Policy.Epsilon.mean": {
            "value": 0.10151615740740742,
            "min": 0.10151615740740742,
            "max": 0.1980837444444445,
            "count": 30
        },
        "CarAgent5_1.Policy.Epsilon.sum": {
            "value": 0.6090969444444445,
            "min": 0.5749080555555556,
            "max": 1.1694840555555555,
            "count": 30
        },
        "CarAgent5_1.Policy.Beta.mean": {
            "value": 8.565625462962974e-05,
            "min": 8.565625462962974e-05,
            "max": 0.004904378847777778,
            "count": 30
        },
        "CarAgent5_1.Policy.Beta.sum": {
            "value": 0.0005139375277777784,
            "min": 0.0005139375277777784,
            "max": 0.028477254372222222,
            "count": 30
        },
        "CarAgent5_1.Environment.EpisodeLength.mean": {
            "value": 2673.909090909091,
            "min": 1587.4736842105262,
            "max": 2999.0,
            "count": 30
        },
        "CarAgent5_1.Environment.EpisodeLength.sum": {
            "value": 58826.0,
            "min": 48356.0,
            "max": 64547.0,
            "count": 30
        },
        "CarAgent5_1.Environment.CumulativeReward.mean": {
            "value": 8.438818382945927,
            "min": -15.554608527732933,
            "max": 11.408666960895061,
            "count": 30
        },
        "CarAgent5_1.Environment.CumulativeReward.sum": {
            "value": 185.6540044248104,
            "min": -373.008993268013,
            "max": 223.46800848841667,
            "count": 30
        },
        "CarAgent5_1.Policy.ExtrinsicReward.mean": {
            "value": 8.438818382945927,
            "min": -15.554608527732933,
            "max": 11.408666960895061,
            "count": 30
        },
        "CarAgent5_1.Policy.ExtrinsicReward.sum": {
            "value": 185.6540044248104,
            "min": -373.008993268013,
            "max": 223.46800848841667,
            "count": 30
        },
        "CarAgent5_1.IsTraining.mean": {
            "value": 1.0,
            "min": 1.0,
            "max": 1.0,
            "count": 30
        },
        "CarAgent5_1.IsTraining.sum": {
            "value": 1.0,
            "min": 1.0,
            "max": 1.0,
            "count": 30
        }
    },
    "metadata": {
        "timer_format_version": "0.1.0",
        "start_time_seconds": "1642499865",
        "python_version": "3.6.13 |Anaconda, Inc.| (default, Mar 16 2021, 11:37:27) [MSC v.1916 64 bit (AMD64)]",
        "command_line_arguments": "C:\\Users\\alexc\\anaconda3\\envs\\unity_ml_full\\Scripts\\mlagents-learn config\\CarAgent5.yaml --run-id=CarAgent5_1 --env=builds/CarAgent5",
        "mlagents_version": "0.27.0",
        "mlagents_envs_version": "0.27.0",
        "communication_protocol_version": "1.5.0",
        "pytorch_version": "1.7.1+cu110",
        "numpy_version": "1.19.5",
        "end_time_seconds": "1642501480"
    },
    "total": 1614.9056567,
    "count": 1,
    "self": 1.1566160999998374,
    "children": {
        "run_training.setup": {
            "total": 0.0976109,
            "count": 1,
            "self": 0.0976109
        },
        "TrainerController.start_learning": {
            "total": 1613.6514297,
            "count": 1,
            "self": 2.1012408999895342,
            "children": {
                "TrainerController._reset_env": {
                    "total": 7.4280952,
                    "count": 1,
                    "self": 7.4280952
                },
                "TrainerController.advance": {
                    "total": 1604.0304674000108,
                    "count": 112560,
                    "self": 1.97824010000204,
                    "children": {
                        "env_step": {
                            "total": 1021.4345211000106,
                            "count": 112560,
                            "self": 599.8218887000305,
                            "children": {
                                "SubprocessEnvManager._take_step": {
                                    "total": 420.3012269000314,
                                    "count": 112560,
                                    "self": 5.876098800037369,
                                    "children": {
                                        "TorchPolicy.evaluate": {
                                            "total": 414.425128099994,
                                            "count": 112560,
                                            "self": 113.44902180001952,
                                            "children": {
                                                "TorchPolicy.sample_actions": {
                                                    "total": 300.9761062999745,
                                                    "count": 112560,
                                                    "self": 300.9761062999745
                                                }
                                            }
                                        }
                                    }
                                },
                                "workers": {
                                    "total": 1.3114054999485774,
                                    "count": 112560,
                                    "self": 0.0,
                                    "children": {
                                        "worker_root": {
                                            "total": 1604.7793403000373,
                                            "count": 112560,