{
    "name": "root",
    "gauges": {
        "SAC_CarAgent6.Policy.Entropy.mean": {
            "value": 0.9609087705612183,
            "min": 0.8811672329902649,
            "max": 3.9147675037384033,
            "count": 50
        },
        "SAC_CarAgent6.Policy.Entropy.sum": {
            "value": 9677.3125,
            "min": 8660.111328125,
            "max": 39954.1171875,
            "count": 50
        },
        "SAC_CarAgent6.Step.mean": {
            "value": 499979.0,
            "min": 9950.0,
            "max": 499979.0,
            "count": 50
        },
        "SAC_CarAgent6.Step.sum": {
            "value": 499979.0,
            "min": 9950.0,
            "max": 499979.0,
            "count": 50
        },
        "SAC_CarAgent6.Policy.ExtrinsicValue.mean": {
            "value": 19.866657257080078,
            "min": 5.800158500671387,
            "max": 22.19247055053711,
            "count": 50
        },
        "SAC_CarAgent6.Policy.ExtrinsicValue.sum": {
            "value": 3198.53173828125,
            "min": 916.425048828125,
            "max": 3550.79541015625,
            "count": 50
        },
        "SAC_CarAgent6.Losses.PolicyLoss.mean": {
            "value": -59.47096356317679,
            "min": -64.07974513499241,
            "max": -17.52458147086648,
            "count": 50
        },
        "SAC_CarAgent6.Losses.PolicyLoss.sum": {
            "value": -119060.86905347992,
            "min": -128479.88899565977,
            "max": -30229.90303724468,
            "count": 50
        },
        "SAC_CarAgent6.Losses.ValueLoss.mean": {
            "value": 0.04213606895172674,
            "min": 0.008042807980853725,
            "max": 0.054107135333067505,
            "count": 50
        },
        "SAC_CarAgent6.Losses.ValueLoss.sum": {
            "value": 84.35641004135692,
            "min": 13.873843766972676,
            "max": 108.16016353080194,
            "count": 50
        },
        "SAC_CarAgent6.Losses.Q1Loss.mean": {
            "value": 0.16764382401325192,
            "min": 0.0497311521144368,
            "max": 0.5073747694789561,
            "count": 50
        },
        "SAC_CarAgent6.Losses.Q1Loss.sum": {
            "value": 335.62293567453037,
            "min": 99.0644550119581,
            "max": 1016.2716632663492,
            "count": 50
        },
        "SAC_CarAgent6.Losses.Q2Loss.mean": {
            "value": 0.18783763230650705,
            "min": 0.046691837679855595,
            "max": 0.5005452651676716,
            "count": 50
        },
        "SAC_CarAgent6.Losses.Q2Loss.sum": {
            "value": 376.0509398776271,
            "min": 93.01014065827235,
            "max": 1002.5921661308462,
            "count": 50
        },
        "SAC_CarAgent6.Policy.DiscreteEntropyCoeff.mean": {
            "value": 0.13537680711698863,
            "min": 0.08598384415910149,
            "max": 0.44447134699685986,
            "count": 50
        },
        "SAC_CarAgent6.Policy.DiscreteEntropyCoeff.sum": {
            "value": 271.0243678482112,
            "min": 172.13965600652116,
            "max": 766.7130735695832,
            "count": 50
        },
        "SAC_CarAgent6.Policy.ContinuousEntropyCoeff.mean": {
            "value": 0.5,
            "min": 0.5,
            "max": 0.5,
            "count": 50
        },
        "SAC_CarAgent6.Policy.ContinuousEntropyCoeff.sum": {
            "value": 1001.0,
            "min": 862.5,
            "max": 1030.5,
            "count": 50
        },
        "SAC_CarAgent6.Policy.LearningRate.mean": {
            "value": 0.00030000000000000003,
            "min": 0.0002999999999999999,
            "max": 0.00030000000000000003,
            "count": 50
        },
        "SAC_CarAgent6.Policy.LearningRate.sum": {
            "value": 0.6006,
            "min": 0.5175,
            "max": 0.6183,
            "count": 50
        },
        "SAC_CarAgent6.Environment.EpisodeLength.mean": {
            "value": 675.3846153846154,
            "min": 442.9259259259259,
            "max": 749.0,
            "count": 50
        },
        "SAC_CarAgent6.Environment.EpisodeLength.sum": {
            "value": 8780.0,
            "min": 6741.0,
            "max": 12935.0,
            "count": 50
        },
        "SAC_CarAgent6.Environment.CumulativeReward.mean": {
            "value": 483.13227875416095,
            "min": 289.23457976749967,
            "max": 810.6384805043539,
            "count": 50
        },
        "SAC_CarAgent6.Environment.CumulativeReward.sum": {
            "value": 6280.719623804092,
            "min": 4049.284116744995,
            "max": 11903.964794158936,
            "count": 50
        },
        "SAC_CarAgent6.Policy.ExtrinsicReward.mean": {
            "value": 483.13227875416095,
            "min": 289.23457976749967,
            "max": 810.6384805043539,
            "count": 50
        },
        "SAC_CarAgent6.Policy.ExtrinsicReward.sum": {
            "value": 6280.719623804092,
            "min": 4049.284116744995,
            "max": 11903.964794158936,
            "count": 50
        },
        "SAC_CarAgent6.IsTraining.mean": {
            "value": 1.0,
            "min": 1.0,
            "max": 1.0,
            "count": 50
        },
        "SAC_CarAgent6.IsTraining.sum": {
            "value": 1.0,
            "min": 1.0,
            "max": 1.0,
            "count": 50
        }
    },
    "metadata": {
        "timer_format_version": "0.1.0",
        "start_time_seconds": "1642969888",
        "python_version": "3.6.13 |Anaconda, Inc.| (default, Mar 16 2021, 11:37:27) [MSC v.1916 64 bit (AMD64)]",
        "command_line_arguments": "C:\\Users\\alexc\\anaconda3\\envs\\mlagent_release_18\\Scripts\\mlagents-learn config/SAC_CarAgent6_test4.yaml --run-id=SAC_CarAgent6_test4 --env=builds/SAC_CarAgent6",
        "mlagents_version": "0.27.0",
        "mlagents_envs_version": "0.27.0",
        "communication_protocol_version": "1.5.0",
        "pytorch_version": "1.7.1+cu110",
        "numpy_version": "1.19.5",
        "end_time_seconds": "1642975386"
    },
    "total": 5498.1684227000005,
    "count": 1,
    "self": 0.7480374000006123,
    "children": {
        "run_training.setup": {
            "total": 0.5319797,
            "count": 1,
            "self": 0.5319797
        },
        "TrainerController.start_learning": {
            "total": 5496.8884056,
            "count": 1,
            "self": 1.1883246999377661,
            "children": {
                "TrainerController._reset_env": {
                    "total": 17.0017022,
                    "count": 1,
                    "self": 17.0017022
                },
                "TrainerController.advance": {
                    "total": 5478.589818600061,
                    "count": 56195,
                    "self": 1.0410890001339794,
                    "children": {
                        "env_step": {
                            "total": 525.0029688000183,
                            "count": 56195,
                            "self": 259.72652540009534,
                            "children": {
                                "SubprocessEnvManager._take_step": {
                                    "total": 264.5957467000278,
                                    "count": 56195,
                                    "self": 3.0522813000228552,
                                    "children": {
                                        "TorchPolicy.evaluate": {
                                            "total": 261.54346540000495,
                                            "count": 55591,
                                            "self": 83.09959949997031,
                                            "children": {
                                                "TorchPolicy.sample_actions": {
                                                    "total": 178.44386590003464,