{
    "name": "root",
    "gauges": {
        "PPO_CarAgent6.Policy.Entropy.mean": {
            "value": 3.0786404609680176,
            "min": 3.039149045944214,
            "max": 4.954960346221924,
            "count": 30
        },
        "PPO_CarAgent6.Policy.Entropy.sum": {
            "value": 153888.921875,
            "min": 151805.5,
            "max": 248392.171875,
            "count": 30
        },
        "PPO_CarAgent6.Step.mean": {
            "value": 1499979.0,
            "min": 49938.0,
            "max": 1499979.0,
            "count": 30
        },
        "PPO_CarAgent6.Step.sum": {
            "value": 1499979.0,
            "min": 49938.0,
            "max": 1499979.0,
            "count": 30
        },
        "PPO_CarAgent6.Policy.ExtrinsicValueEstimate.mean": {
            "value": 103.16273498535156,
            "min": 2.700197696685791,
            "max": 107.25153350830078,
            "count": 30
        },
        "PPO_CarAgent6.Policy.ExtrinsicValueEstimate.sum": {
            "value": 82942.8359375,
            "min": 2154.7578125,
            "max": 85908.4765625,
            "count": 30
        },
        "PPO_CarAgent6.Environment.EpisodeLength.mean": {
            "value": 730.7260273972603,
            "min": 712.3768115942029,
            "max": 749.0,
            "count": 30
        },
        "PPO_CarAgent6.Environment.EpisodeLength.sum": {
            "value": 53343.0,
            "min": 47187.0,
            "max": 53928.0,
            "count": 30
        },
        "PPO_CarAgent6.Environment.CumulativeReward.mean": {
            "value": 797.4764446285036,
            "min": 202.75972436155593,
            "max": 813.3794039137223,
            "count": 30
        },
        "PPO_CarAgent6.Environment.CumulativeReward.sum": {
            "value": 57418.30401325226,
            "min": 12773.862634778023,
            "max": 57418.30401325226,
            "count": 30
        },
        "PPO_CarAgent6.Policy.ExtrinsicReward.mean": {
            "value": 797.4764446285036,
            "min": 202.75972436155593,
            "max": 813.3794039137223,
            "count": 30
        },
        "PPO_CarAgent6.Policy.ExtrinsicReward.sum": {
            "value": 57418.30401325226,
            "min": 12773.862634778023,
            "max": 57418.30401325226,
            "count": 30
        },
        "PPO_CarAgent6.Losses.PolicyLoss.mean": {
            "value": 0.04857582843069394,
            "min": 0.04502440584785492,
            "max": 0.05352560844955776,
            "count": 30
        },
        "PPO_CarAgent6.Losses.PolicyLoss.sum": {
            "value": 0.09715165686138788,
            "min": 0.09465134016033214,
            "max": 0.15646684925145432,
            "count": 30
        },
        "PPO_CarAgent6.Losses.ValueLoss.mean": {
            "value": 18.540100079526503,
            "min": 4.617660393440184,
            "max": 123.90638220423044,
            "count": 30
        },
        "PPO_CarAgent6.Losses.ValueLoss.sum": {
            "value": 37.08020015905301,
            "min": 9.235320786880369,
            "max": 329.1106212417285,
            "count": 30
        },
        "PPO_CarAgent6.Policy.LearningRate.mean": {
            "value": 5.883598038833342e-06,
            "min": 5.883598038833342e-06,
            "max": 0.00029375220208260005,
            "count": 30
        },
        "PPO_CarAgent6.Policy.LearningRate.sum": {
            "value": 1.1767196077666684e-05,
            "min": 1.1767196077666684e-05,
            "max": 0.0008250264249912,
            "count": 30
        },
        "PPO_CarAgent6.Policy.Epsilon.mean": {
            "value": 0.10196116666666669,
            "min": 0.10196116666666669,
            "max": 0.19791739999999997,
            "count": 30
        },
        "PPO_CarAgent6.Policy.Epsilon.sum": {
            "value": 0.20392233333333337,
            "min": 0.20392233333333337,
            "max": 0.5750088,
            "count": 30
        },
        "PPO_CarAgent6.Policy.Beta.mean": {
            "value": 0.00010786221666666685,
            "min": 0.00010786221666666685,
            "max": 0.00489607826,
            "count": 30
        },
        "PPO_CarAgent6.Policy.Beta.sum": {
            "value": 0.0002157244333333337,
            "min": 0.0002157244333333337,
            "max": 0.013752939119999997,
            "count": 30
        },
        "PPO_CarAgent6.IsTraining.mean": {
            "value": 1.0,
            "min": 1.0,
            "max": 1.0,
            "count": 30
        },
        "PPO_CarAgent6.IsTraining.sum": {
            "value": 1.0,
            "min": 1.0,
            "max": 1.0,
            "count": 30
        }
    },
    "metadata": {
        "timer_format_version": "0.1.0",
        "start_time_seconds": "1643111768",
        "python_version": "3.6.13 |Anaconda, Inc.| (default, Mar 16 2021, 11:37:27) [MSC v.1916 64 bit (AMD64)]",
        "command_line_arguments": "C:\\Users\\alexc\\anaconda3\\envs\\mlagent_release_18\\Scripts\\mlagents-learn config/PPO/PPO_CarAgent6_5_test1.yaml --run-id=PPO_CarAgent6_5_test4 --env=builds/PPO_CarAgent6",
        "mlagents_version": "0.27.0",
        "mlagents_envs_version": "0.27.0",
        "communication_protocol_version": "1.5.0",
        "pytorch_version": "1.7.1+cu110",
        "numpy_version": "1.19.5",
        "end_time_seconds": "1643113829"
    },
    "total": 2061.0197543,
    "count": 1,
    "self": 1.0392542999998113,
    "children": {
        "run_training.setup": {
            "total": 0.09165530000000001,
            "count": 1,
            "self": 0.09165530000000001
        },
        "TrainerController.start_learning": {
            "total": 2059.8888447,
            "count": 1,
            "self": 3.0405112000339614,
            "children": {
                "TrainerController._reset_env": {
                    "total": 7.4075443,
                    "count": 1,
                    "self": 7.4075443
                },
                "TrainerController.advance": {
                    "total": 2049.352031699966,
                    "count": 168353,
                    "self": 2.7472083999837196,
                    "children": {
                        "env_step": {
                            "total": 1420.1569471999978,
                            "count": 168353,
                            "self": 728.2156723000675,
                            "children": {
                                "SubprocessEnvManager._take_step": {
                                    "total": 690.0251947999768,
                                    "count": 168353,
                                    "self": 8.272106500006885,
                                    "children": {
                                        "TorchPolicy.evaluate": {
                                            "total": 681.7530882999699,
                                            "count": 166693,
                                            "self": 202.1638513000259,
                                            "children": {
                                                "TorchPolicy.sample_actions": {
                                                    "total": 479.58923699994403,
                                                    "count": 166693,
                                                    "self": 479.58923699994403
                                                }
                                            }
                                        }
                                    }
                                },
                                "workers": {
                                    "total": 1.916080099953593,
                                    "count": 168353,
                                    "self": 0.0,
                                    "children": {
                                        "worker_root": {
                                            "total": 2049.613740699996,