{
    "name": "root",
    "gauges": {
        "CarAgent5_1.Policy.Entropy.mean": {
            "value": 3.575636148452759,
            "min": 3.575636148452759,
            "max": 4.239902019500732,
            "count": 30
        },
        "CarAgent5_1.Policy.Entropy.sum": {
            "value": 214252.125,
            "min": 214252.125,
            "max": 254936.828125,
            "count": 30
        },
        "CarAgent5_1.Environment.EpisodeLength.mean": {
            "value": 2578.3478260869565,
            "min": 635.1733333333333,
            "max": 2999.0,
            "count": 30
        },
        "CarAgent5_1.Environment.EpisodeLength.sum": {
            "value": 59302.0,
            "min": 47273.0,
            "max": 74975.0,
            "count": 30
        },
        "CarAgent5_1.Step.mean": {
            "value": 1799954.0,
            "min": 59873.0,
            "max": 1799954.0,
            "count": 30
        },
        "CarAgent5_1.Step.sum": {
            "value": 1799954.0,
            "min": 59873.0,
            "max": 1799954.0,
            "count": 30
        },
        "CarAgent5_1.Policy.ExtrinsicValueEstimate.mean": {
            "value": -0.10344577580690384,
            "min": -8.732087135314941,
            "max": 2.8178303241729736,
            "count": 30
        },
        "CarAgent5_1.Policy.ExtrinsicValueEstimate.sum": {
            "value": -49.75741958618164,
            "min": -4374.77587890625,
            "max": 1346.9228515625,
            "count": 30
        },
        "CarAgent5_1.Environment.CumulativeReward.mean": {
            "value": -2.328782866395119,
            "min": -13.584850848989284,
            "max": 116.67379280324094,
            "count": 30
        },
        "CarAgent5_1.Environment.CumulativeReward.sum": {
            "value": -53.56200592708774,
            "min": -871.8859932795167,
            "max": 2333.475856064819,
            "count": 30
        },
        "CarAgent5_1.Policy.ExtrinsicReward.mean": {
            "value": -2.328782866395119,
            "min": -13.584850848989284,
            "max": 116.67379280324094,
            "count": 30
        },
        "CarAgent5_1.Policy.ExtrinsicReward.sum": {
            "value": -53.56200592708774,
            "min": -871.8859932795167,
            "max": 2333.475856064819,
            "count": 30
        },
        "CarAgent5_1.Losses.PolicyLoss.mean": {
            "value": 0.03139855161166957,
            "min": 0.03139855161166957,
            "max": 0.03883241618180667,
            "count": 30
        },
        "CarAgent5_1.Losses.PolicyLoss.sum": {
            "value": 0.18839130967001744,
            "min": 0.16235585936762315,
            "max": 0.23299449709084002,
            "count": 30
        },
        "CarAgent5_1.Losses.ValueLoss.mean": {
            "value": 0.21340345023199916,
            "min": 0.03235572263106911,
            "max": 68.63446081015799,
            "count": 30
        },
        "CarAgent5_1.Losses.ValueLoss.sum": {
            "value": 1.280420701391995,
            "min": 0.19413433578641467,
            "max": 411.80676486094796,
            "count": 30
        },
        "CarAgent5_1.Policy.LearningRate.mean": {
            "value": 4.933515022194451e-06,
            "min": 4.933515022194451e-06,
            "max": 0.0002948368350543889,
            "count": 30
        },
        "CarAgent5_1.Policy.LearningRate.sum": {
            "value": 2.9601090133166704e-05,
            "min": 2.9601090133166704e-05,
            "max": 0.0017122128625957221,
            "count": 30
        },
        "CarAgent5_1.Policy.Epsilon.mean": {
            "value": 0.10164447222222223,
            "min": 0.10164447222222223,
            "max": 0.19827894444444447,
            "count": 30
        },
        "CarAgent5_1.Policy.Epsilon.sum": {
            "value": 0.6098668333333334,
            "min": 0.5583763333333334,
            "max": 1.1707376111111112,
            "count": 30
        },
        "CarAgent5_1.Policy.Beta.mean": {
            "value": 9.205916388888899e-05,
            "min": 9.205916388888899e-05,
            "max": 0.004914119327777777,
            "count": 30
        },
        "CarAgent5_1.Policy.Beta.sum": {
            "value": 0.0005523549833333339,
            "min": 0.0005523549833333339,
            "max": 0.02853980679444444,
            "count": 30
        },
        "CarAgent5_1.IsTraining.mean": {
            "value": 1.0,
            "min": 1.0,
            "max": 1.0,
            "count": 30
        },
        "CarAgent5_1.IsTraining.sum": {
            "value": 1.0,
            "min": 1.0,
            "max": 1.0,
            "count": 30
        }
    },
    "metadata": {
        "timer_format_version": "0.1.0",
        "start_time_seconds": "1642506297",
        "python_version": "3.6.13 |Anaconda, Inc.| (default, Mar 16 2021, 11:37:27) [MSC v.1916 64 bit (AMD64)]",
        "command_line_arguments": "C:\\Users\\alexc\\anaconda3\\envs\\unity_ml_full\\Scripts\\mlagents-learn config\\CarAgent5.yaml --run-id=CarAgent5_1_4 --env=builds/CarAgent5 --force",
        "mlagents_version": "0.27.0",
        "mlagents_envs_version": "0.27.0",
        "communication_protocol_version": "1.5.0",
        "pytorch_version": "1.7.1+cu110",
        "numpy_version": "1.19.5",
        "end_time_seconds": "1642507871"
    },
    "total": 1574.4034568,
    "count": 1,
    "self": 0.2041506999999001,
    "children": {
        "run_training.setup": {
            "total": 0.082437,
            "count": 1,
            "self": 0.082437
        },
        "TrainerController.start_learning": {
            "total": 1574.1168691,
            "count": 1,
            "self": 1.975914699974055,
            "children": {
                "TrainerController._reset_env": {
                    "total": 5.302152,
                    "count": 1,
                    "self": 5.302152
                },
                "TrainerController.advance": {
                    "total": 1566.7519337000258,
                    "count": 112565,
                    "self": 1.7970855999724336,
                    "children": {
                        "env_step": {
                            "total": 997.9716331000249,
                            "count": 112565,
                            "self": 588.0878226000475,
                            "children": {
                                "SubprocessEnvManager._take_step": {
                                    "total": 408.59573739998655,
                                    "count": 112565,
                                    "self": 5.6474966999589356,
                                    "children": {
                                        "TorchPolicy.evaluate": {
                                            "total": 402.9482407000276,
                                            "count": 112565,
                                            "self": 109.36356460003026,
                                            "children": {
                                                "TorchPolicy.sample_actions": {
                                                    "total": 293.58467609999735,
                                                    "count": 112565,
                                                    "self": 293.58467609999735
                                                }
                                            }
                                        }
                                    }
                                },
                                "workers": {
                                    "total": 1.288073099990834,
                                    "count": 112565,
                                    "self": 0.0,
                                    "children": {
                                        "worker_root": {
                                            "total": 1567.0895778000229,
                                            "count": 112565,