{
    "name": "root",
    "gauges": {
        "SAC_CarAgent6.Policy.Entropy.mean": {
            "value": 1.0539225339889526,
            "min": 0.9812384843826294,
            "max": 4.113198280334473,
            "count": 30
        },
        "SAC_CarAgent6.Policy.Entropy.sum": {
            "value": 10538.1708984375,
            "min": 9784.91015625,
            "max": 42127.375,
            "count": 30
        },
        "SAC_CarAgent6.Step.mean": {
            "value": 299985.0,
            "min": 9993.0,
            "max": 299985.0,
            "count": 30
        },
        "SAC_CarAgent6.Step.sum": {
            "value": 299985.0,
            "min": 9993.0,
            "max": 299985.0,
            "count": 30
        },
        "SAC_CarAgent6.Policy.ExtrinsicValue.mean": {
            "value": 19.26308822631836,
            "min": 2.8260459899902344,
            "max": 20.6391658782959,
            "count": 30
        },
        "SAC_CarAgent6.Policy.ExtrinsicValue.sum": {
            "value": 3178.40966796875,
            "min": 454.993408203125,
            "max": 3426.1015625,
            "count": 30
        },
        "SAC_CarAgent6.Losses.PolicyLoss.mean": {
            "value": -59.92707572210237,
            "min": -61.07179313725461,
            "max": -9.719149333479642,
            "count": 30
        },
        "SAC_CarAgent6.Losses.PolicyLoss.sum": {
            "value": -59867.14864638027,
            "min": -61020.62632941807,
            "max": -8737.515250798198,
            "count": 30
        },
        "SAC_CarAgent6.Losses.ValueLoss.mean": {
            "value": 0.011022375134492201,
            "min": 0.004635483568408559,
            "max": 0.03943513077710834,
            "count": 30
        },
        "SAC_CarAgent6.Losses.ValueLoss.sum": {
            "value": 11.01135275935771,
            "min": 4.616941634134925,
            "max": 39.356260515554126,
            "count": 30
        },
        "SAC_CarAgent6.Losses.Q1Loss.mean": {
            "value": 0.1809583558103184,
            "min": 0.09029899811182254,
            "max": 0.4866972749247933,
            "count": 30
        },
        "SAC_CarAgent6.Losses.Q1Loss.sum": {
            "value": 180.7773974545081,
            "min": 81.17879930252846,
            "max": 489.13076129941726,
            "count": 30
        },
        "SAC_CarAgent6.Losses.Q2Loss.mean": {
            "value": 0.17895143083196377,
            "min": 0.09066371069269369,
            "max": 0.4787752593394978,
            "count": 30
        },
        "SAC_CarAgent6.Losses.Q2Loss.sum": {
            "value": 178.77247940113182,
            "min": 81.50667591273162,
            "max": 481.16913563619534,
            "count": 30
        },
        "SAC_CarAgent6.Policy.DiscreteEntropyCoeff.mean": {
            "value": 0.0955191723241703,
            "min": 0.09207437095565284,
            "max": 0.46155306053501927,
            "count": 30
        },
        "SAC_CarAgent6.Policy.DiscreteEntropyCoeff.sum": {
            "value": 95.42365315184612,
            "min": 92.25851969756414,
            "max": 414.93620142098234,
            "count": 30
        },
        "SAC_CarAgent6.Policy.ContinuousEntropyCoeff.mean": {
            "value": 0.5,
            "min": 0.5,
            "max": 0.5,
            "count": 30
        },
        "SAC_CarAgent6.Policy.ContinuousEntropyCoeff.sum": {
            "value": 499.5,
            "min": 449.5,
            "max": 502.5,
            "count": 30
        },
        "SAC_CarAgent6.Policy.LearningRate.mean": {
            "value": 0.0003,
            "min": 0.0002999999999999999,
            "max": 0.00030000000000000003,
            "count": 30
        },
        "SAC_CarAgent6.Policy.LearningRate.sum": {
            "value": 0.29969999999999997,
            "min": 0.26969999999999994,
            "max": 0.3015,
            "count": 30
        },
        "SAC_CarAgent6.Environment.EpisodeLength.mean": {
            "value": 444.40909090909093,
            "min": 307.8787878787879,
            "max": 532.7894736842105,
            "count": 30
        },
        "SAC_CarAgent6.Environment.EpisodeLength.sum": {
            "value": 9777.0,
            "min": 7482.0,
            "max": 11224.0,
            "count": 30
        },
        "SAC_CarAgent6.Environment.CumulativeReward.mean": {
            "value": 446.7692169276151,
            "min": 243.64211438641405,
            "max": 552.3987712358173,
            "count": 30
        },
        "SAC_CarAgent6.Environment.CumulativeReward.sum": {
            "value": 9828.922772407532,
            "min": 4588.917845726013,
            "max": 10847.49175953865,
            "count": 30
        },
        "SAC_CarAgent6.Policy.ExtrinsicReward.mean": {
            "value": 446.7692169276151,
            "min": 243.64211438641405,
            "max": 552.3987712358173,
            "count": 30
        },
        "SAC_CarAgent6.Policy.ExtrinsicReward.sum": {
            "value": 9828.922772407532,
            "min": 4588.917845726013,
            "max": 10847.49175953865,
            "count": 30
        },
        "SAC_CarAgent6.IsTraining.mean": {
            "value": 1.0,
            "min": 1.0,
            "max": 1.0,
            "count": 30
        },
        "SAC_CarAgent6.IsTraining.sum": {
            "value": 1.0,
            "min": 1.0,
            "max": 1.0,
            "count": 30
        }
    },
    "metadata": {
        "timer_format_version": "0.1.0",
        "start_time_seconds": "1642948292",
        "python_version": "3.6.13 |Anaconda, Inc.| (default, Mar 16 2021, 11:37:27) [MSC v.1916 64 bit (AMD64)]",
        "command_line_arguments": "C:\\Users\\alexc\\anaconda3\\envs\\mlagent_release_18\\Scripts\\mlagents-learn config/SAC_CarAgent6_test2.yaml --run-id=SAC_CarAgent6_test2 --env=builds/SAC_CarAgent6 --force",
        "mlagents_version": "0.27.0",
        "mlagents_envs_version": "0.27.0",
        "communication_protocol_version": "1.5.0",
        "pytorch_version": "1.7.1+cu110",
        "numpy_version": "1.19.5",
        "end_time_seconds": "1642950160"
    },
    "total": 1868.3355546999999,
    "count": 1,
    "self": 0.2858005000000503,
    "children": {
        "run_training.setup": {
            "total": 0.1122546,
            "count": 1,
            "self": 0.1122546
        },
        "TrainerController.start_learning": {
            "total": 1867.9374996,
            "count": 1,
            "self": 0.7099645999930999,
            "children": {
                "TrainerController._reset_env": {
                    "total": 5.7320629,
                    "count": 1,
                    "self": 5.7320629
                },
                "TrainerController.advance": {
                    "total": 1861.3731110000067,
                    "count": 33716,
                    "self": 0.6465086999983214,
                    "children": {
                        "env_step": {
                            "total": 329.2939653999957,
                            "count": 33716,
                            "self": 151.27494619999283,
                            "children": {
                                "SubprocessEnvManager._take_step": {
                                    "total": 177.61047109999797,
                                    "count": 33716,
                                    "self": 1.9144689999943694,
                                    "children": {
                                        "TorchPolicy.evaluate": {
                                            "total": 175.6960021000036,
                                            "count": 33368,
                                            "self": 65.26275819999618,
                                            "children": {
                                                "TorchPolicy.sample_actions": {
                                                    "total": 110.43324390000741,