{
    "name": "root",
    "gauges": {
        "SAC_CarAgent6.Policy.Entropy.mean": {
            "value": 1.0737837553024292,
            "min": 0.8637000918388367,
            "max": 4.182196617126465,
            "count": 50
        },
        "SAC_CarAgent6.Policy.Entropy.sum": {
            "value": 10707.771484375,
            "min": 8713.8701171875,
            "max": 42683.5,
            "count": 50
        },
        "SAC_CarAgent6.Step.mean": {
            "value": 499979.0,
            "min": 9950.0,
            "max": 499979.0,
            "count": 50
        },
        "SAC_CarAgent6.Step.sum": {
            "value": 499979.0,
            "min": 9950.0,
            "max": 499979.0,
            "count": 50
        },
        "SAC_CarAgent6.Policy.ExtrinsicValue.mean": {
            "value": 19.878150939941406,
            "min": 2.403749465942383,
            "max": 21.750904083251953,
            "count": 50
        },
        "SAC_CarAgent6.Policy.ExtrinsicValue.sum": {
            "value": 3260.0166015625,
            "min": 379.79241943359375,
            "max": 3501.8955078125,
            "count": 50
        },
        "SAC_CarAgent6.Losses.PolicyLoss.mean": {
            "value": -62.70174813127231,
            "min": -63.488802012171156,
            "max": -7.7242877860922,
            "count": 50
        },
        "SAC_CarAgent6.Losses.PolicyLoss.sum": {
            "value": -31288.172317504883,
            "min": -31934.86741212209,
            "max": -3329.168035805738,
            "count": 50
        },
        "SAC_CarAgent6.Losses.ValueLoss.mean": {
            "value": 0.01785894688361921,
            "min": 0.005927274175071532,
            "max": 0.08089905303946916,
            "count": 50
        },
        "SAC_CarAgent6.Losses.ValueLoss.sum": {
            "value": 8.911614494925985,
            "min": 2.987346184236052,
            "max": 40.571239834048214,
            "count": 50
        },
        "SAC_CarAgent6.Losses.Q1Loss.mean": {
            "value": 0.1779767206582597,
            "min": 0.050026980912829935,
            "max": 0.40622784543727614,
            "count": 50
        },
        "SAC_CarAgent6.Losses.Q1Loss.sum": {
            "value": 88.8103836084716,
            "min": 25.213598380066287,
            "max": 202.30146702776352,
            "count": 50
        },
        "SAC_CarAgent6.Losses.Q2Loss.mean": {
            "value": 0.17446335490398562,
            "min": 0.04956179087412148,
            "max": 0.405246799787427,
            "count": 50
        },
        "SAC_CarAgent6.Losses.Q2Loss.sum": {
            "value": 87.05721409708883,
            "min": 24.979142600557225,
            "max": 201.81290629413866,
            "count": 50
        },
        "SAC_CarAgent6.Policy.DiscreteEntropyCoeff.mean": {
            "value": 0.08672524838270985,
            "min": 0.08672524838270985,
            "max": 0.47651024072477044,
            "count": 50
        },
        "SAC_CarAgent6.Policy.DiscreteEntropyCoeff.sum": {
            "value": 43.27589894297222,
            "min": 43.27589894297222,
            "max": 227.7448976968642,
            "count": 50
        },
        "SAC_CarAgent6.Policy.ContinuousEntropyCoeff.mean": {
            "value": 0.5,
            "min": 0.5,
            "max": 0.5,
            "count": 50
        },
        "SAC_CarAgent6.Policy.ContinuousEntropyCoeff.sum": {
            "value": 249.5,
            "min": 215.5,
            "max": 256.5,
            "count": 50
        },
        "SAC_CarAgent6.Policy.LearningRate.mean": {
            "value": 0.0003,
            "min": 0.0003,
            "max": 0.00030000000000000003,
            "count": 50
        },
        "SAC_CarAgent6.Policy.LearningRate.sum": {
            "value": 0.1497,
            "min": 0.1293,
            "max": 0.15389999999999998,
            "count": 50
        },
        "SAC_CarAgent6.Environment.EpisodeLength.mean": {
            "value": 605.9411764705883,
            "min": 583.4705882352941,
            "max": 749.0,
            "count": 50
        },
        "SAC_CarAgent6.Environment.EpisodeLength.sum": {
            "value": 10301.0,
            "min": 6741.0,
            "max": 13193.0,
            "count": 50
        },
        "SAC_CarAgent6.Environment.CumulativeReward.mean": {
            "value": 647.1583151900106,
            "min": 422.4390630161061,
            "max": 798.1603616476059,
            "count": 50
        },
        "SAC_CarAgent6.Environment.CumulativeReward.sum": {
            "value": 11648.84967342019,
            "min": 3947.3088235855103,
            "max": 12770.565786361694,
            "count": 50
        },
        "SAC_CarAgent6.Policy.ExtrinsicReward.mean": {
            "value": 647.1583151900106,
            "min": 422.4390630161061,
            "max": 798.1603616476059,
            "count": 50
        },
        "SAC_CarAgent6.Policy.ExtrinsicReward.sum": {
            "value": 11648.84967342019,
            "min": 3947.3088235855103,
            "max": 12770.565786361694,
            "count": 50
        },
        "SAC_CarAgent6.IsTraining.mean": {
            "value": 1.0,
            "min": 1.0,
            "max": 1.0,
            "count": 50
        },
        "SAC_CarAgent6.IsTraining.sum": {
            "value": 1.0,
            "min": 1.0,
            "max": 1.0,
            "count": 50
        }
    },
    "metadata": {
        "timer_format_version": "0.1.0",
        "start_time_seconds": "1643040749",
        "python_version": "3.6.13 |Anaconda, Inc.| (default, Mar 16 2021, 11:37:27) [MSC v.1916 64 bit (AMD64)]",
        "command_line_arguments": "C:\\Users\\alexc\\anaconda3\\envs\\mlagent_release_18\\Scripts\\mlagents-learn config/SAC_CarAgent6_test7.yaml --run-id=SAC_CarAgent6_test7 --env=builds/SAC_CarAgent6",
        "mlagents_version": "0.27.0",
        "mlagents_envs_version": "0.27.0",
        "communication_protocol_version": "1.5.0",
        "pytorch_version": "1.7.1+cu110",
        "numpy_version": "1.19.5",
        "end_time_seconds": "1643042875"
    },
    "total": 2126.3513825,
    "count": 1,
    "self": 0.23716319999994084,
    "children": {
        "run_training.setup": {
            "total": 0.09754819999999999,
            "count": 1,
            "self": 0.09754819999999999
        },
        "TrainerController.start_learning": {
            "total": 2126.0166711,
            "count": 1,
            "self": 0.9103624000067612,
            "children": {
                "TrainerController._reset_env": {
                    "total": 5.7249557,
                    "count": 1,
                    "self": 5.7249557
                },
                "TrainerController.advance": {
                    "total": 2119.2815664999935,
                    "count": 56201,
                    "self": 0.8246385999837003,
                    "children": {
                        "env_step": {
                            "total": 414.78505690000725,
                            "count": 56201,
                            "self": 215.31284830002767,
                            "children": {
                                "SubprocessEnvManager._take_step": {
                                    "total": 198.9268776999876,
                                    "count": 56201,
                                    "self": 2.4227352999779157,
                                    "children": {
                                        "TorchPolicy.evaluate": {
                                            "total": 196.5041424000097,
                                            "count": 55584,
                                            "self": 51.71914200000458,
                                            "children": {
                                                "TorchPolicy.sample_actions": {
                                                    "total": 144.78500040000512,
                                                    "count": 55584,