{
    "name": "root",
    "gauges": {
        "CarAgent1.Policy.Entropy.mean": {
            "value": 1.3809477090835571,
            "min": 1.3809477090835571,
            "max": 2.091627836227417,
            "count": 5
        },
        "CarAgent1.Policy.Entropy.sum": {
            "value": 138094.765625,
            "min": 138094.765625,
            "max": 209162.78125,
            "count": 5
        },
        "CarAgent1.Step.mean": {
            "value": 499996.0,
            "min": 99996.0,
            "max": 499996.0,
            "count": 5
        },
        "CarAgent1.Step.sum": {
            "value": 499996.0,
            "min": 99996.0,
            "max": 499996.0,
            "count": 5
        },
        "CarAgent1.Policy.ExtrinsicValueEstimate.mean": {
            "value": -23.300432205200195,
            "min": -26.89889144897461,
            "max": -16.07357406616211,
            "count": 5
        },
        "CarAgent1.Policy.ExtrinsicValueEstimate.sum": {
            "value": -37280.69140625,
            "min": -43038.2265625,
            "max": -25701.64453125,
            "count": 5
        },
        "CarAgent1.Losses.PolicyLoss.mean": {
            "value": 0.04950277754771869,
            "min": 0.04733395139374988,
            "max": 0.049759704066827476,
            "count": 5
        },
        "CarAgent1.Losses.PolicyLoss.sum": {
            "value": 0.4455249979294682,
            "min": 0.4260055625437489,
            "max": 0.49759704066827476,
            "count": 5
        },
        "CarAgent1.Losses.ValueLoss.mean": {
            "value": 0.9152137935687205,
            "min": 0.20140196304310054,
            "max": 2.91869273307344,
            "count": 5
        },
        "CarAgent1.Losses.ValueLoss.sum": {
            "value": 8.236924142118484,
            "min": 2.0140196304310054,
            "max": 26.268234597660957,
            "count": 5
        },
        "CarAgent1.Policy.LearningRate.mean": {
            "value": 2.8998490333866662e-05,
            "min": 2.8998490333866662e-05,
            "max": 0.00026838401053866666,
            "count": 5
        },
        "CarAgent1.Policy.LearningRate.sum": {
            "value": 0.00026098641300479995,
            "min": 0.00026098641300479995,
            "max": 0.002415456094848,
            "count": 5
        },
        "CarAgent1.Policy.Epsilon.mean": {
            "value": 0.10966613333333335,
            "min": 0.10966613333333335,
            "max": 0.18946133333333337,
            "count": 5
        },
        "CarAgent1.Policy.Epsilon.sum": {
            "value": 0.9869952000000001,
            "min": 0.9869952000000001,
            "max": 1.7051520000000002,
            "count": 5
        },
        "CarAgent1.Policy.Beta.mean": {
            "value": 5.736405333333334e-05,
            "min": 5.736405333333334e-05,
            "max": 0.0004483605333333333,
            "count": 5
        },
        "CarAgent1.Policy.Beta.sum": {
            "value": 0.0005162764800000001,
            "min": 0.0005162764800000001,
            "max": 0.0040352448,
            "count": 5
        },
        "CarAgent1.Environment.EpisodeLength.mean": {
            "value": 2499.0,
            "min": 2499.0,
            "max": 2499.0,
            "count": 5
        },
        "CarAgent1.Environment.EpisodeLength.sum": {
            "value": 99960.0,
            "min": 99960.0,
            "max": 99960.0,
            "count": 5
        },
        "CarAgent1.Environment.CumulativeReward.mean": {
            "value": -564.9813066579402,
            "min": -708.03616050115,
            "max": -564.9813066579402,
            "count": 5
        },
        "CarAgent1.Environment.CumulativeReward.sum": {
            "value": -22599.252266317606,
            "min": -27613.41025954485,
            "max": -22599.252266317606,
            "count": 5
        },
        "CarAgent1.Policy.ExtrinsicReward.mean": {
            "value": -564.9813066579402,
            "min": -708.03616050115,
            "max": -564.9813066579402,
            "count": 5
        },
        "CarAgent1.Policy.ExtrinsicReward.sum": {
            "value": -22599.252266317606,
            "min": -27613.41025954485,
            "max": -22599.252266317606,
            "count": 5
        },
        "CarAgent1.IsTraining.mean": {
            "value": 1.0,
            "min": 1.0,
            "max": 1.0,
            "count": 5
        },
        "CarAgent1.IsTraining.sum": {
            "value": 1.0,
            "min": 1.0,
            "max": 1.0,
            "count": 5
        }
    },
    "metadata": {
        "timer_format_version": "0.1.0",
        "start_time_seconds": "1641997733",
        "python_version": "3.6.13 |Anaconda, Inc.| (default, Mar 16 2021, 11:37:27) [MSC v.1916 64 bit (AMD64)]",
        "command_line_arguments": "C:\\Users\\alexc\\anaconda3\\envs\\unity_ml_full\\Scripts\\mlagents-learn config/CarAgent1.yaml --run-id=CarAgent1_5 --env=builds/CarAgent1",
        "mlagents_version": "0.27.0",
        "mlagents_envs_version": "0.27.0",
        "communication_protocol_version": "1.5.0",
        "pytorch_version": "1.7.1+cu110",
        "numpy_version": "1.19.5",
        "end_time_seconds": "1642000137"
    },
    "total": 2403.3925951,
    "count": 1,
    "self": 0.7122021999998651,
    "children": {
        "run_training.setup": {
            "total": 0.0844229,
            "count": 1,
            "self": 0.0844229
        },
        "TrainerController.start_learning": {
            "total": 2402.5959700000003,
            "count": 1,
            "self": 1.3046115999686663,
            "children": {
                "TrainerController._reset_env": {
                    "total": 6.7975256,
                    "count": 1,
                    "self": 6.7975256
                },
                "TrainerController.advance": {
                    "total": 2394.3226785000315,
                    "count": 62564,
                    "self": 1.1303135000675866,
                    "children": {
                        "env_step": {
                            "total": 2006.2097021999994,
                            "count": 62564,
                            "self": 1739.2664276999403,
                            "children": {
                                "SubprocessEnvManager._take_step": {
                                    "total": 265.75272560004174,
                                    "count": 62564,
                                    "self": 2.937106300047901,
                                    "children": {
                                        "TorchPolicy.evaluate": {
                                            "total": 262.81561929999384,
                                            "count": 62564,
                                            "self": 113.2527835000266,
                                            "children": {
                                                "TorchPolicy.sample_actions": {
                                                    "total": 149.56283579996725,
                                                    "count": 62564,
                                                    "self": 149.56283579996725
                                                }
                                            }
                                        }
                                    }
                                },
                                "workers": {
                                    "total": 1.1905489000172746,
                                    "count": 62564,
                                    "self": 0.0,
                                    "children": {
                                        "worker_root": {
                                            "total": 2394.898952299985,
                                            "count": 62564,
                                            "is_parallel": true,