{
    "name": "root",
    "gauges": {
        "PPO_CarAgent6.Policy.Entropy.mean": {
            "value": 3.1436774730682373,
            "min": 3.1128718852996826,
            "max": 4.959240913391113,
            "count": 30
        },
        "PPO_CarAgent6.Policy.Entropy.sum": {
            "value": 157281.328125,
            "min": 155936.203125,
            "max": 248606.75,
            "count": 30
        },
        "PPO_CarAgent6.Step.mean": {
            "value": 1499999.0,
            "min": 49938.0,
            "max": 1499999.0,
            "count": 30
        },
        "PPO_CarAgent6.Step.sum": {
            "value": 1499999.0,
            "min": 49938.0,
            "max": 1499999.0,
            "count": 30
        },
        "PPO_CarAgent6.Policy.ExtrinsicValueEstimate.mean": {
            "value": 106.47794342041016,
            "min": 2.0951967239379883,
            "max": 106.47794342041016,
            "count": 30
        },
        "PPO_CarAgent6.Policy.ExtrinsicValueEstimate.sum": {
            "value": 85608.265625,
            "min": 1671.967041015625,
            "max": 85608.265625,
            "count": 30
        },
        "PPO_CarAgent6.Environment.EpisodeLength.mean": {
            "value": 728.25,
            "min": 710.0140845070423,
            "max": 749.0,
            "count": 30
        },
        "PPO_CarAgent6.Environment.EpisodeLength.sum": {
            "value": 49521.0,
            "min": 47187.0,
            "max": 53928.0,
            "count": 30
        },
        "PPO_CarAgent6.Environment.CumulativeReward.mean": {
            "value": 793.6342250739826,
            "min": 185.89781968744975,
            "max": 809.6367148651797,
            "count": 30
        },
        "PPO_CarAgent6.Environment.CumulativeReward.sum": {
            "value": 53967.12730503082,
            "min": 11711.562640309334,
            "max": 55410.02722644806,
            "count": 30
        },
        "PPO_CarAgent6.Policy.ExtrinsicReward.mean": {
            "value": 793.6342250739826,
            "min": 185.89781968744975,
            "max": 809.6367148651797,
            "count": 30
        },
        "PPO_CarAgent6.Policy.ExtrinsicReward.sum": {
            "value": 53967.12730503082,
            "min": 11711.562640309334,
            "max": 55410.02722644806,
            "count": 30
        },
        "PPO_CarAgent6.Losses.PolicyLoss.mean": {
            "value": 0.050458319429768986,
            "min": 0.04688975041618354,
            "max": 0.05243757625136519,
            "count": 30
        },
        "PPO_CarAgent6.Losses.PolicyLoss.sum": {
            "value": 0.10091663885953797,
            "min": 0.09377950083236708,
            "max": 0.15256741807791818,
            "count": 30
        },
        "PPO_CarAgent6.Losses.ValueLoss.mean": {
            "value": 18.564098783396183,
            "min": 4.252960261003471,
            "max": 166.54936584764056,
            "count": 30
        },
        "PPO_CarAgent6.Losses.ValueLoss.sum": {
            "value": 37.128197566792366,
            "min": 8.505920522006942,
            "max": 499.6480975429217,
            "count": 30
        },
        "PPO_CarAgent6.Policy.LearningRate.mean": {
            "value": 5.954098015333337e-06,
            "min": 5.954098015333337e-06,
            "max": 0.00029375220208260005,
            "count": 30
        },
        "PPO_CarAgent6.Policy.LearningRate.sum": {
            "value": 1.1908196030666673e-05,
            "min": 1.1908196030666673e-05,
            "max": 0.0008250264249912,
            "count": 30
        },
        "PPO_CarAgent6.Policy.Epsilon.mean": {
            "value": 0.1019846666666667,
            "min": 0.1019846666666667,
            "max": 0.19791739999999997,
            "count": 30
        },
        "PPO_CarAgent6.Policy.Epsilon.sum": {
            "value": 0.2039693333333334,
            "min": 0.2039693333333334,
            "max": 0.5750088,
            "count": 30
        },
        "PPO_CarAgent6.Policy.Beta.mean": {
            "value": 0.00010903486666666674,
            "min": 0.00010903486666666674,
            "max": 0.00489607826,
            "count": 30
        },
        "PPO_CarAgent6.Policy.Beta.sum": {
            "value": 0.00021806973333333347,
            "min": 0.00021806973333333347,
            "max": 0.013752939119999997,
            "count": 30
        },
        "PPO_CarAgent6.IsTraining.mean": {
            "value": 1.0,
            "min": 1.0,
            "max": 1.0,
            "count": 30
        },
        "PPO_CarAgent6.IsTraining.sum": {
            "value": 1.0,
            "min": 1.0,
            "max": 1.0,
            "count": 30
        }
    },
    "metadata": {
        "timer_format_version": "0.1.0",
        "start_time_seconds": "1643121630",
        "python_version": "3.6.13 |Anaconda, Inc.| (default, Mar 16 2021, 11:37:27) [MSC v.1916 64 bit (AMD64)]",
        "command_line_arguments": "C:\\Users\\alexc\\anaconda3\\envs\\mlagent_release_18\\Scripts\\mlagents-learn config/PPO/PPO_CarAgent6_5_test1.yaml --run-id=PPO_CarAgent6_5_test7 --env=builds/PPO_CarAgent6",
        "mlagents_version": "0.27.0",
        "mlagents_envs_version": "0.27.0",
        "communication_protocol_version": "1.5.0",
        "pytorch_version": "1.7.1+cu110",
        "numpy_version": "1.19.5",
        "end_time_seconds": "1643123700"
    },
    "total": 2070.0301927,
    "count": 1,
    "self": 0.8661458000001403,
    "children": {
        "run_training.setup": {
            "total": 0.0822097,
            "count": 1,
            "self": 0.0822097
        },
        "TrainerController.start_learning": {
            "total": 2069.0818372,
            "count": 1,
            "self": 3.0008461999832434,
            "children": {
                "TrainerController._reset_env": {
                    "total": 7.944572900000001,
                    "count": 1,
                    "self": 7.944572900000001
                },
                "TrainerController.advance": {
                    "total": 2058.042410000017,
                    "count": 168417,
                    "self": 2.7025462000215157,
                    "children": {
                        "env_step": {
                            "total": 1428.7999486999802,
                            "count": 168417,
                            "self": 709.2336976000114,
                            "children": {
                                "SubprocessEnvManager._take_step": {
                                    "total": 717.7147447999682,
                                    "count": 168417,
                                    "self": 7.819335499991666,
                                    "children": {
                                        "TorchPolicy.evaluate": {
                                            "total": 709.8954092999766,
                                            "count": 166707,
                                            "self": 215.61802009999116,
                                            "children": {
                                                "TorchPolicy.sample_actions": {
                                                    "total": 494.2773891999854,
                                                    "count": 166707,
                                                    "self": 494.2773891999854
                                                }
                                            }
                                        }
                                    }
                                },
                                "workers": {
                                    "total": 1.8515063000005831,
                                    "count": 168417,
                                    "self": 0.0,
                                    "children": {
                                        "worker_root": {
                                            "total": 2058.563002000005,